invoice_id,client_id,due_date,paid_date,amount
INV00001,C001,2019-11-29,2020-01-13,3906.79
INV00002,C002,2019-12-30,2020-02-03,1780.07
INV00003,C002,2019-12-30,2020-02-07,2670.11
INV00004,C003,2019-12-25,2020-01-16,1953.89
INV00005,C004,2019-12-08,2020-01-18,6656.77
INV00006,C005,2020-01-11,2020-02-11,11412.65
INV00007,C006,2019-12-24,2020-01-05,10896.81
INV00008,C007,2019-11-27,2020-01-02,7465.23
INV00009,C008,2019-12-10,2020-01-24,4005.14
INV00010,C009,2019-11-28,2020-01-05,12197.02
INV00011,C010,2019-12-30,2020-01-30,4602.93
INV00012,C011,2019-12-31,2020-01-11,7405.44
INV00013,C012,2020-01-08,2020-02-14,4423.79
INV00014,C013,2020-01-23,2020-02-13,5391.34
INV00015,C014,2020-01-02,2020-01-29,5142.33
INV00016,C016,2019-12-20,2020-01-24,11537.14
INV00017,C018,2020-01-05,2020-01-22,8861.62
INV00018,C020,2020-01-28,2020-02-13,2995.36
INV00019,C021,2019-12-15,2020-01-26,2378.68
INV00020,C024,2019-12-14,2020-01-22,11794.39
INV00021,C028,2019-12-29,2020-01-15,2375.82
INV00022,C028,2019-12-31,2020-01-19,3563.74
INV00023,C029,2020-02-02,2020-02-09,940.01
INV00024,C032,2020-01-17,2020-02-13,9348.11
INV00025,C034,2020-01-15,2020-02-13,7995.12
INV00026,C034,2020-01-30,2020-02-13,7995.12
INV00027,C037,2019-11-28,2020-01-10,3619.89
INV00028,C037,2019-12-17,2020-01-10,3619.89
INV00029,C039,2020-01-03,2020-01-13,5670.63
INV00030,C040,2020-01-16,2020-02-04,1195.87
INV00031,C040,2020-01-21,2020-02-08,1793.8
INV00032,C043,2019-12-26,2020-02-09,8429.94
INV00033,C045,2020-01-04,2020-01-15,3359.6
INV00034,C045,2019-12-24,2020-01-19,5039.4
INV00035,C047,2019-12-10,2020-01-18,7786.53
INV00036,C048,2019-12-14,2020-01-10,6955.33
INV00037,C049,2019-12-19,2020-01-16,5838.43
INV00038,C050,2020-01-17,2020-01-27,6007.4
INV00039,C052,2019-11-24,2020-01-02,1097.06
INV00040,C052,2019-12-26,2020-01-06,1645.58
INV00041,C053,2019-12-08,2020-01-09,3334.37
INV00042,C056,2020-01-28,2020-02-10,3495.78
INV00043,C057,2019-12-29,2020-01-23,7607.6
INV00044,C060,2019-12-02,2020-01-10,3122.15
INV00045,C074,2020-01-31,2020-02-09,10576.17
INV00046,C078,2019-12-13,2020-01-23,1277.22
INV00047,C087,2019-12-27,2020-01-15,8142.37
INV00048,C092,2019-12-06,2020-01-09,2065.71
INV00049,C092,2020-01-03,2020-01-13,3098.56
INV00050,C092,2019-12-21,2020-01-09,5164.26
INV00051,C093,2019-12-19,2020-01-10,125.08
INV00052,C093,2019-12-16,2020-01-14,187.62
INV00053,C094,2020-01-08,2020-02-15,10815.79
INV00054,C097,2019-12-14,2020-01-28,11290.32
INV00055,C099,2019-12-14,2020-01-24,795.14
INV00056,C100,2020-01-03,2020-01-21,749.77
INV00057,C001,2020-01-04,2020-02-15,1545.1
INV00058,C001,2020-02-08,2020-02-19,2317.65
INV00059,C002,2020-01-17,2020-03-02,4270.55
INV00060,C003,2020-02-05,2020-02-16,1851.96
INV00061,C004,2020-02-14,2020-03-08,2698.92
INV00062,C004,2020-02-08,2020-03-12,4048.38
INV00063,C005,2020-01-01,2020-02-04,11738.38
INV00064,C006,2020-02-15,2020-02-25,11191.85
INV00065,C007,2020-02-10,2020-03-17,7697.58
INV00066,C008,2020-01-20,2020-02-25,4064.69
INV00067,C009,2020-01-30,2020-02-13,11693.53
INV00068,C011,2020-01-01,2020-02-03,7030.58
INV00069,C014,2020-02-12,2020-03-06,6334.17
INV00070,C015,2020-01-20,2020-02-12,9760.89
INV00071,C016,2020-01-30,2020-03-02,8992.28
INV00072,C017,2020-02-19,2020-03-13,6674.65
INV00073,C018,2020-01-21,2020-02-27,8433.84
INV00074,C019,2020-01-25,2020-03-05,1815.26
INV00075,C019,2020-02-19,2020-03-05,1815.26
INV00076,C021,2020-01-09,2020-02-23,4712.29
INV00077,C025,2020-02-09,2020-02-17,3495.32
INV00078,C025,2020-01-27,2020-02-21,5242.98
INV00079,C026,2019-12-27,2020-02-05,6577.41
INV00080,C027,2020-01-15,2020-02-18,6406.97
INV00081,C030,2020-02-04,2020-03-14,4472.88
INV00082,C032,2020-03-01,2020-03-09,2986.72
INV00083,C032,2020-02-25,2020-03-13,4480.07
INV00084,C034,2020-02-15,2020-03-02,8262.35
INV00085,C035,2020-02-26,2020-03-12,2374.56
INV00086,C038,2020-01-26,2020-02-24,5681.38
INV00087,C039,2020-01-22,2020-02-05,5585.1
INV00088,C041,2020-02-29,2020-03-07,2803.01
INV00089,C041,2020-02-10,2020-03-11,4204.52
INV00090,C042,2020-01-25,2020-02-14,905.76
INV00091,C043,2020-01-21,2020-02-05,9123.03
INV00092,C044,2020-02-25,2020-03-11,9827.56
INV00093,C045,2020-01-04,2020-02-18,2581.25
INV00094,C045,2020-02-05,2020-02-22,3871.87
INV00095,C047,2020-01-13,2020-02-03,7849.08
INV00096,C048,2020-01-14,2020-02-15,6939.42
INV00097,C059,2020-02-21,2020-03-11,1764.48
INV00098,C065,2020-01-19,2020-02-25,8823.24
INV00099,C070,2020-01-05,2020-02-12,4446.33
INV00100,C073,2020-02-03,2020-03-03,2310.82
INV00101,C078,2019-12-27,2020-02-10,631.64
INV00102,C078,2020-02-01,2020-02-14,947.47
INV00103,C080,2020-02-10,2020-02-23,7123.6
INV00104,C082,2020-03-02,2020-03-10,10222.63
INV00105,C084,2020-02-16,2020-02-24,2970.79
INV00106,C085,2020-01-19,2020-02-18,10684.85
INV00107,C087,2020-03-05,2020-03-13,5272.54
INV00108,C092,2020-02-08,2020-02-29,6656.31
INV00109,C094,2020-02-05,2020-02-16,13940.06
INV00110,C095,2020-01-15,2020-02-23,19710.43
INV00111,C098,2020-01-01,2020-02-14,1455.3
INV00112,C098,2020-02-06,2020-02-18,2182.96
INV00113,C099,2020-01-07,2020-02-03,1925.32
INV00114,C100,2020-01-05,2020-02-19,754.28
INV00115,C100,2020-02-04,2020-02-23,1131.42
INV00116,C001,2020-02-14,2020-03-14,3782.75
INV00117,C002,2020-02-13,2020-03-21,4340.08
INV00118,C003,2020-02-06,2020-03-14,1830.64
INV00119,C004,2020-02-19,2020-03-31,2604.89
INV00120,C004,2020-03-24,2020-04-04,3907.33
INV00121,C005,2020-01-26,2020-03-08,6943.76
INV00122,C006,2020-02-29,2020-03-10,10369.52
INV00123,C007,2020-02-12,2020-03-18,7097.11
INV00124,C008,2020-03-10,2020-04-05,3854.81
INV00125,C009,2020-02-23,2020-03-19,4785.63
INV00126,C009,2020-03-10,2020-03-23,7178.44
INV00127,C010,2020-02-27,2020-03-31,3236.02
INV00128,C010,2020-03-10,2020-04-04,4854.03
INV00129,C014,2020-01-28,2020-03-10,1286.57
INV00130,C014,2020-02-13,2020-03-14,1929.85
INV00131,C017,2020-03-08,2020-04-04,9612.88
INV00132,C018,2020-03-15,2020-03-26,6048.93
INV00133,C019,2020-03-16,2020-04-09,1982.77
INV00134,C020,2020-02-06,2020-03-11,3460.33
INV00135,C021,2020-01-28,2020-03-12,2982.72
INV00136,C022,2020-02-29,2020-03-16,3683.86
INV00137,C023,2020-03-06,2020-04-07,616.81
INV00138,C026,2020-04-01,2020-04-10,4701.8
INV00139,C027,2020-03-04,2020-03-25,1649.09
INV00140,C027,2020-03-17,2020-03-29,2473.64
INV00141,C029,2020-02-08,2020-03-07,1000.7
INV00142,C031,2020-03-04,2020-03-14,1862.89
INV00143,C032,2020-03-15,2020-04-09,10822.84
INV00144,C039,2020-02-28,2020-04-08,5084.62
INV00145,C041,2020-02-17,2020-03-09,6423.23
INV00146,C043,2020-03-07,2020-03-16,7029.66
INV00147,C044,2020-03-04,2020-04-13,6830.29
INV00148,C045,2020-02-13,2020-03-15,7050.31
INV00149,C046,2020-03-22,2020-04-10,2488.13
INV00150,C048,2020-02-15,2020-03-06,7073.05
INV00151,C051,2020-02-08,2020-03-17,11779.57
INV00152,C057,2020-02-18,2020-03-10,10502.89
INV00153,C058,2020-02-21,2020-03-25,14793.14
INV00154,C059,2020-02-21,2020-04-02,5287.65
INV00155,C067,2020-03-04,2020-03-16,1376.83
INV00156,C068,2020-02-20,2020-03-16,7890.99
INV00157,C079,2020-02-18,2020-03-22,6933.5
INV00158,C080,2020-02-19,2020-03-20,9481.79
INV00159,C084,2020-03-29,2020-04-08,2693.92
INV00160,C091,2020-03-03,2020-03-20,5481.02
INV00161,C097,2020-02-09,2020-03-07,10854.91
INV00162,C001,2020-04-16,2020-04-27,3675.67
INV00163,C002,2020-04-04,2020-05-12,4119.41
INV00164,C003,2020-03-16,2020-04-26,762.8
INV00165,C003,2020-04-04,2020-04-30,1144.2
INV00166,C004,2020-04-18,2020-05-12,2826.84
INV00167,C004,2020-05-08,2020-05-16,4240.26
INV00168,C005,2020-03-12,2020-04-10,11758.71
INV00169,C006,2020-03-01,2020-04-02,10552.45
INV00170,C008,2020-03-03,2020-04-12,4097.35
INV00171,C009,2020-03-11,2020-04-24,11563.31
INV00172,C010,2020-03-22,2020-04-11,8242.2
INV00173,C011,2020-03-02,2020-04-07,6605.6
INV00174,C012,2020-03-18,2020-05-01,7131.0
INV00175,C013,2020-03-27,2020-04-08,4891.05
INV00176,C014,2020-03-26,2020-04-15,2561.83
INV00177,C014,2020-03-29,2020-04-19,3842.74
INV00178,C016,2020-04-24,2020-05-10,5932.97
INV00179,C018,2020-02-25,2020-04-02,5892.27
INV00180,C019,2020-03-20,2020-04-30,1067.32
INV00181,C019,2020-03-30,2020-05-04,1600.98
INV00182,C022,2020-04-24,2020-05-03,3664.67
INV00183,C024,2020-04-23,2020-05-09,7467.81
INV00184,C025,2020-03-30,2020-04-07,9868.12
INV00185,C027,2020-03-26,2020-05-08,8604.78
INV00186,C029,2020-04-14,2020-05-09,358.48
INV00187,C029,2020-03-29,2020-05-13,537.72
INV00188,C031,2020-04-08,2020-04-25,1938.04
INV00189,C033,2020-04-14,2020-05-18,4875.2
INV00190,C034,2020-02-23,2020-04-07,4746.09
INV00191,C036,2020-03-18,2020-04-16,1384.61
INV00192,C036,2020-04-08,2020-04-20,2076.92
INV00193,C038,2020-03-25,2020-04-30,7499.59
INV00194,C039,2020-03-19,2020-04-21,4278.03
INV00195,C040,2020-04-02,2020-05-10,3854.7
INV00196,C042,2020-03-08,2020-04-15,544.77
INV00197,C042,2020-04-09,2020-04-19,817.15
INV00198,C044,2020-04-09,2020-05-05,2353.79
INV00199,C045,2020-03-13,2020-04-20,4455.3
INV00200,C047,2020-03-18,2020-04-30,3639.24
INV00201,C047,2020-04-27,2020-05-04,5458.86
INV00202,C048,2020-04-03,2020-05-01,6023.57
INV00203,C049,2020-03-23,2020-05-06,6414.42
INV00204,C050,2020-03-27,2020-05-03,5744.38
INV00205,C051,2020-03-28,2020-04-23,13053.68
INV00206,C054,2020-02-29,2020-04-14,2053.83
INV00207,C059,2020-03-10,2020-04-03,4034.41
INV00208,C065,2020-03-29,2020-04-20,3710.7
INV00209,C065,2020-03-10,2020-04-24,5566.05
INV00210,C067,2020-03-28,2020-05-11,347.43
INV00211,C067,2020-05-01,2020-05-15,521.15
INV00212,C069,2020-04-06,2020-04-29,2212.53
INV00213,C076,2020-03-01,2020-04-09,379.59
INV00214,C076,2020-03-11,2020-04-13,569.38
INV00215,C078,2020-03-18,2020-04-30,1542.8
INV00216,C080,2020-02-23,2020-04-06,11424.66
INV00217,C085,2020-03-23,2020-04-09,10637.38
INV00218,C086,2020-04-17,2020-05-02,1953.29
INV00219,C086,2020-04-15,2020-05-02,1953.29
INV00220,C087,2020-03-17,2020-04-13,1155.7
INV00221,C089,2020-03-28,2020-04-24,8522.61
INV00222,C090,2020-04-08,2020-04-18,13211.84
INV00223,C091,2020-04-27,2020-05-12,1531.05
INV00224,C091,2020-04-03,2020-05-16,2296.58
INV00225,C095,2020-03-20,2020-04-27,7086.55
INV00226,C099,2020-03-18,2020-04-24,5021.65
INV00227,C001,2020-05-06,2020-06-10,3707.84
INV00228,C002,2020-04-17,2020-05-25,4187.35
INV00229,C003,2020-05-04,2020-06-15,1948.09
INV00230,C004,2020-04-08,2020-05-14,7060.91
INV00231,C005,2020-04-15,2020-05-10,12046.38
INV00232,C006,2020-05-20,2020-06-06,10911.9
INV00233,C007,2020-04-18,2020-05-09,7136.57
INV00234,C008,2020-04-11,2020-05-08,3946.21
INV00235,C009,2020-05-07,2020-06-14,11373.54
INV00236,C010,2020-04-29,2020-05-28,7672.31
INV00237,C011,2020-03-31,2020-05-04,4182.85
INV00238,C012,2020-05-04,2020-05-15,7331.62
INV00239,C015,2020-04-17,2020-05-14,7378.28
INV00240,C016,2020-04-24,2020-05-21,6392.54
INV00241,C017,2020-04-12,2020-05-03,10358.56
INV00242,C020,2020-05-01,2020-05-21,2129.96
INV00243,C021,2020-04-11,2020-05-17,3131.5
INV00244,C023,2020-04-05,2020-05-11,606.36
INV00245,C024,2020-04-16,2020-05-06,14928.83
INV00246,C026,2020-05-06,2020-05-23,4380.14
INV00247,C027,2020-05-03,2020-05-26,1857.88
INV00248,C027,2020-04-27,2020-05-30,2786.82
INV00249,C028,2020-05-14,2020-06-13,9792.81
INV00250,C033,2020-05-01,2020-05-11,10469.07
INV00251,C034,2020-06-03,2020-06-13,6679.76
INV00252,C036,2020-05-01,2020-06-15,3741.93
INV00253,C037,2020-03-28,2020-05-08,2221.93
INV00254,C039,2020-05-21,2020-06-08,6447.15
INV00255,C041,2020-05-14,2020-05-26,1293.08
INV00256,C041,2020-05-19,2020-05-30,1939.63
INV00257,C044,2020-04-25,2020-05-18,6596.36
INV00258,C047,2020-04-02,2020-05-10,9014.69
INV00259,C048,2020-05-31,2020-06-14,2947.23
INV00260,C048,2020-05-15,2020-06-18,4420.85
INV00261,C049,2020-04-17,2020-05-24,4986.22
INV00262,C050,2020-04-29,2020-06-13,6756.71
INV00263,C051,2020-04-21,2020-05-09,17066.03
INV00264,C052,2020-05-04,2020-05-18,3493.22
INV00265,C052,2020-05-02,2020-05-22,5239.84
INV00266,C058,2020-05-04,2020-06-05,2437.3
INV00267,C062,2020-04-16,2020-05-05,6518.11
INV00268,C066,2020-04-21,2020-05-22,3361.72
INV00269,C068,2020-06-02,2020-06-15,5354.18
INV00270,C072,2020-05-06,2020-06-03,4511.7
INV00271,C072,2020-04-28,2020-06-07,6767.55
INV00272,C073,2020-05-05,2020-05-25,11176.53
INV00273,C079,2020-04-20,2020-05-05,2463.45
INV00274,C079,2020-04-17,2020-05-09,3695.17
INV00275,C080,2020-05-31,2020-06-14,5607.38
INV00276,C082,2020-04-21,2020-05-16,5012.31
INV00277,C082,2020-04-25,2020-05-20,7518.47
INV00278,C092,2020-04-15,2020-05-14,3329.69
INV00279,C093,2020-04-20,2020-05-02,770.5
INV00280,C001,2020-05-31,2020-07-15,3844.36
INV00281,C002,2020-05-22,2020-06-08,4333.92
INV00282,C003,2020-05-23,2020-06-23,750.73
INV00283,C003,2020-06-04,2020-06-27,1126.1
INV00284,C004,2020-05-18,2020-06-23,6895.8
INV00285,C006,2020-05-21,2020-06-30,10195.16
INV00286,C007,2020-06-12,2020-07-15,2958.99
INV00287,C007,2020-06-12,2020-07-19,4438.48
INV00288,C008,2020-06-14,2020-06-29,1693.88
INV00289,C008,2020-06-01,2020-07-03,2540.83
INV00290,C009,2020-05-04,2020-06-10,11322.01
INV00291,C010,2020-05-31,2020-07-06,7962.95
INV00292,C011,2020-06-01,2020-06-09,7523.64
INV00293,C013,2020-05-22,2020-06-27,6357.31
INV00294,C014,2020-06-07,2020-07-12,6869.53
INV00295,C015,2020-06-08,2020-07-09,7784.15
INV00296,C017,2020-06-09,2020-07-13,12543.22
INV00297,C023,2020-06-11,2020-07-08,1154.13
INV00298,C024,2020-06-11,2020-06-27,9989.49
INV00299,C025,2020-05-12,2020-06-19,6361.65
INV00300,C027,2020-05-28,2020-06-09,2452.42
INV00301,C027,2020-06-03,2020-06-13,3678.63
INV00302,C029,2020-05-15,2020-06-11,1369.55
INV00303,C032,2020-05-29,2020-07-09,11380.28
INV00304,C033,2020-06-01,2020-06-11,10003.62
INV00305,C034,2020-06-05,2020-07-10,5659.62
INV00306,C037,2020-05-02,2020-06-16,3778.93
INV00307,C039,2020-06-06,2020-06-19,3771.19
INV00308,C042,2020-05-14,2020-06-08,1740.92
INV00309,C043,2020-05-29,2020-06-18,8898.95
INV00310,C045,2020-06-04,2020-07-12,5539.94
INV00311,C046,2020-05-20,2020-06-22,3343.46
INV00312,C048,2020-06-01,2020-06-19,5902.34
INV00313,C053,2020-05-13,2020-06-20,10503.33
INV00314,C058,2020-05-25,2020-06-03,12379.73
INV00315,C059,2020-05-10,2020-06-08,4736.87
INV00316,C062,2020-05-08,2020-06-08,2027.49
INV00317,C063,2020-06-05,2020-07-07,5316.82
INV00318,C070,2020-06-08,2020-07-01,1834.52
INV00319,C071,2020-05-01,2020-06-02,5976.77
INV00320,C080,2020-05-23,2020-06-02,4379.09
INV00321,C093,2020-04-28,2020-06-06,977.93
INV00322,C095,2020-05-14,2020-06-05,13550.42
INV00323,C097,2020-05-06,2020-06-16,5422.14
INV00324,C097,2020-05-26,2020-06-20,8133.22
INV00325,C098,2020-06-28,2020-07-05,1870.46
INV00326,C098,2020-06-30,2020-07-09,2805.69
INV00327,C100,2020-06-17,2020-07-04,2201.62
INV00328,C001,2020-06-02,2020-07-10,3858.44
INV00329,C002,2020-06-02,2020-07-05,4368.79
INV00330,C003,2020-05-28,2020-07-08,1829.78
INV00331,C004,2020-06-13,2020-07-05,6585.71
INV00332,C005,2020-06-19,2020-07-12,4569.0
INV00333,C005,2020-07-05,2020-07-16,6853.49
INV00334,C006,2020-06-16,2020-07-30,11178.68
INV00335,C008,2020-06-21,2020-07-13,3953.38
INV00336,C009,2020-07-24,2020-08-11,11840.03
INV00337,C010,2020-07-19,2020-07-28,3138.95
INV00338,C010,2020-07-03,2020-08-01,4708.42
INV00339,C013,2020-06-02,2020-07-06,5568.72
INV00340,C014,2020-05-29,2020-07-04,2369.23
INV00341,C014,2020-06-10,2020-07-08,3553.85
INV00342,C015,2020-06-17,2020-07-16,10363.09
INV00343,C018,2020-06-24,2020-07-15,6731.6
INV00344,C019,2020-06-30,2020-08-06,2976.05
INV00345,C021,2020-07-10,2020-08-09,2481.75
INV00346,C022,2020-05-22,2020-07-06,2799.04
INV00347,C024,2020-07-07,2020-07-30,14228.82
INV00348,C025,2020-07-11,2020-07-21,4735.03
INV00349,C028,2020-07-09,2020-08-14,10644.22
INV00350,C029,2020-07-06,2020-08-15,1023.56
INV00351,C030,2020-06-23,2020-08-07,3542.57
INV00352,C031,2020-06-25,2020-07-15,651.48
INV00353,C031,2020-07-04,2020-07-19,977.22
INV00354,C032,2020-07-08,2020-08-11,7403.41
INV00355,C032,2020-07-05,2020-08-11,7403.41
INV00356,C033,2020-07-11,2020-08-05,3120.26
INV00357,C033,2020-08-02,2020-08-09,4680.39
INV00358,C034,2020-07-21,2020-08-06,1987.09
INV00359,C034,2020-07-28,2020-08-10,2980.63
INV00360,C036,2020-06-28,2020-07-28,1764.43
INV00361,C036,2020-06-18,2020-08-01,2646.64
INV00362,C039,2020-06-29,2020-07-07,1910.15
INV00363,C039,2020-05-27,2020-07-11,2865.23
INV00364,C040,2020-08-04,2020-08-14,3017.76
INV00365,C041,2020-07-15,2020-08-04,5815.31
INV00366,C044,2020-06-29,2020-07-27,1732.62
INV00367,C044,2020-07-05,2020-07-31,2598.93
INV00368,C049,2020-06-20,2020-07-04,3491.91
INV00369,C051,2020-07-24,2020-08-09,19971.77
INV00370,C058,2020-06-19,2020-07-27,7864.93
INV00371,C062,2020-07-13,2020-08-03,9035.94
INV00372,C064,2020-07-05,2020-07-14,9379.58
INV00373,C079,2020-08-05,2020-08-15,6899.5
INV00374,C083,2020-07-29,2020-08-07,4830.0
INV00375,C083,2020-07-21,2020-08-11,7245.01
INV00376,C085,2020-06-24,2020-07-12,3665.77
INV00377,C085,2020-07-03,2020-07-16,5498.65
INV00378,C089,2020-07-25,2020-08-04,4782.86
INV00379,C089,2020-06-24,2020-08-04,4782.86
INV00380,C094,2020-06-04,2020-07-06,12335.68
INV00381,C095,2020-07-15,2020-07-26,12967.31
INV00382,C096,2020-06-15,2020-07-21,13197.69
INV00383,C097,2020-06-27,2020-07-09,17222.65
INV00384,C001,2020-08-15,2020-09-01,3678.35
INV00385,C002,2020-08-01,2020-08-28,4112.23
INV00386,C003,2020-08-17,2020-09-12,1982.47
INV00387,C004,2020-08-20,2020-08-29,2730.88
INV00388,C004,2020-07-29,2020-09-02,4096.32
INV00389,C005,2020-08-16,2020-09-07,12252.93
INV00390,C006,2020-07-16,2020-08-29,10405.31
INV00391,C007,2020-08-18,2020-09-04,7092.31
INV00392,C008,2020-07-30,2020-08-11,4089.96
INV00393,C009,2020-07-05,2020-08-08,11929.83
INV00394,C012,2020-08-12,2020-09-02,9635.97
INV00395,C014,2020-08-21,2020-09-04,5298.0
INV00396,C016,2020-07-03,2020-08-15,3306.13
INV00397,C016,2020-07-12,2020-08-19,4959.19
INV00398,C017,2020-08-17,2020-09-08,9928.21
INV00399,C018,2020-08-12,2020-09-10,8143.69
INV00400,C019,2020-07-06,2020-08-17,3571.75
INV00401,C020,2020-06-25,2020-08-09,2059.95
INV00402,C021,2020-07-17,2020-08-23,3779.73
INV00403,C023,2020-07-08,2020-08-08,319.37
INV00404,C023,2020-07-11,2020-08-12,479.05
INV00405,C024,2020-06-28,2020-08-12,4486.29
INV00406,C024,2020-07-09,2020-08-16,6729.43
INV00407,C025,2020-08-18,2020-09-03,2910.87
INV00408,C025,2020-08-03,2020-09-07,4366.31
INV00409,C027,2020-07-16,2020-08-30,5891.38
INV00410,C033,2020-06-30,2020-08-14,13041.31
INV00411,C034,2020-07-23,2020-08-22,5030.13
INV00412,C036,2020-07-31,2020-08-23,1679.53
INV00413,C036,2020-07-13,2020-08-27,2519.3
INV00414,C038,2020-07-23,2020-08-18,3921.91
INV00415,C039,2020-07-10,2020-08-12,5024.22
INV00416,C041,2020-08-01,2020-09-12,6133.59
INV00417,C043,2020-08-01,2020-09-08,4473.31
INV00418,C044,2020-06-26,2020-08-04,5993.11
INV00419,C048,2020-07-22,2020-08-24,5649.7
INV00420,C059,2020-07-23,2020-08-05,521.46
INV00421,C059,2020-07-27,2020-08-09,782.19
INV00422,C063,2020-07-26,2020-08-16,8170.6
INV00423,C078,2020-08-08,2020-09-02,2143.09
INV00424,C081,2020-07-16,2020-08-15,5358.37
INV00425,C085,2020-07-11,2020-08-04,3119.96
INV00426,C096,2020-08-13,2020-09-02,2885.88
INV00427,C096,2020-07-28,2020-09-02,2885.88
INV00428,C001,2020-09-05,2020-10-08,3686.58
INV00429,C002,2020-07-29,2020-09-08,4107.97
INV00430,C003,2020-09-01,2020-09-09,1873.6
INV00431,C004,2020-08-20,2020-09-09,6515.53
INV00432,C005,2020-08-28,2020-09-27,11986.49
INV00433,C007,2020-08-11,2020-09-15,7231.43
INV00434,C008,2020-08-30,2020-10-07,1636.04
INV00435,C008,2020-08-30,2020-10-11,2454.06
INV00436,C009,2020-09-17,2020-09-25,11141.72
INV00437,C010,2020-09-16,2020-10-09,8289.51
INV00438,C011,2020-09-24,2020-10-06,5585.38
INV00439,C012,2020-09-04,2020-10-10,12702.19
INV00440,C013,2020-09-09,2020-10-06,2669.69
INV00441,C013,2020-09-07,2020-10-10,4004.53
INV00442,C015,2020-09-16,2020-10-14,7370.97
INV00443,C016,2020-08-30,2020-09-12,5050.12
INV00444,C016,2020-08-21,2020-09-16,7575.17
INV00445,C017,2020-08-22,2020-09-14,9775.17
INV00446,C020,2020-09-22,2020-10-14,1651.05
INV00447,C020,2020-10-09,2020-10-18,2476.58
INV00448,C021,2020-09-09,2020-10-12,4245.95
INV00449,C022,2020-09-04,2020-09-16,2961.29
INV00450,C023,2020-08-29,2020-09-05,1038.69
INV00451,C025,2020-08-08,2020-09-13,3268.7
INV00452,C025,2020-08-23,2020-09-17,4903.05
INV00453,C026,2020-09-09,2020-09-23,6562.76
INV00454,C027,2020-09-06,2020-10-10,9308.29
INV00455,C028,2020-09-09,2020-10-07,7812.05
INV00456,C029,2020-08-22,2020-09-30,1890.51
INV00457,C031,2020-09-12,2020-10-11,1092.3
INV00458,C031,2020-09-24,2020-10-15,1638.45
INV00459,C034,2020-08-13,2020-09-22,2517.91
INV00460,C034,2020-08-26,2020-09-26,3776.86
INV00461,C035,2020-09-12,2020-09-22,2610.37
INV00462,C036,2020-08-18,2020-09-18,3261.27
INV00463,C037,2020-08-25,2020-09-30,2233.0
INV00464,C038,2020-08-24,2020-09-14,4320.51
INV00465,C039,2020-09-08,2020-09-24,6452.55
INV00466,C040,2020-08-14,2020-09-06,1956.09
INV00467,C040,2020-08-06,2020-09-10,2934.13
INV00468,C042,2020-08-14,2020-09-03,1305.59
INV00469,C043,2020-08-08,2020-09-04,8236.68
INV00470,C044,2020-09-17,2020-09-30,6535.83
INV00471,C045,2020-09-07,2020-09-30,7156.15
INV00472,C047,2020-08-14,2020-09-18,8400.7
INV00473,C048,2020-08-01,2020-09-02,7433.36
INV00474,C049,2020-08-31,2020-09-25,4395.78
INV00475,C051,2020-09-27,2020-10-06,5083.56
INV00476,C054,2020-09-04,2020-10-05,2348.93
INV00477,C060,2020-08-29,2020-09-19,2254.82
INV00478,C060,2020-09-16,2020-09-23,3382.23
INV00479,C062,2020-10-01,2020-10-10,2760.06
INV00480,C062,2020-09-10,2020-10-14,4140.1
INV00481,C066,2020-08-13,2020-09-06,5425.03
INV00482,C074,2020-09-17,2020-10-02,5887.77
INV00483,C076,2020-08-23,2020-09-28,446.22
INV00484,C076,2020-09-09,2020-10-02,669.33
INV00485,C077,2020-08-03,2020-09-15,514.47
INV00486,C078,2020-09-06,2020-09-23,2182.57
INV00487,C083,2020-08-26,2020-10-10,2560.14
INV00488,C083,2020-09-11,2020-10-14,3840.21
INV00489,C091,2020-09-21,2020-09-30,4124.79
INV00490,C094,2020-09-03,2020-10-09,2029.41
INV00491,C096,2020-09-11,2020-10-10,3590.36
INV00492,C099,2020-08-14,2020-09-24,746.73
INV00493,C001,2020-09-29,2020-10-18,1537.86
INV00494,C001,2020-09-30,2020-10-22,2306.78
INV00495,C002,2020-10-15,2020-11-04,4265.82
INV00496,C003,2020-10-27,2020-11-04,1996.89
INV00497,C004,2020-09-21,2020-10-02,6454.9
INV00498,C005,2020-10-09,2020-10-22,11408.31
INV00499,C006,2020-10-07,2020-10-21,10370.27
INV00500,C007,2020-09-23,2020-10-12,7401.07
INV00501,C008,2020-09-26,2020-11-02,4141.2
INV00502,C009,2020-08-30,2020-10-02,11808.52
INV00503,C010,2020-09-07,2020-10-17,7836.15
INV00504,C011,2020-09-08,2020-10-08,3999.57
INV00505,C012,2020-10-06,2020-10-25,12264.72
INV00506,C013,2020-09-15,2020-10-20,1932.14
INV00507,C013,2020-10-09,2020-10-24,2898.21
INV00508,C017,2020-09-03,2020-10-14,9949.38
INV00509,C018,2020-09-30,2020-11-05,7436.28
INV00510,C019,2020-09-25,2020-11-01,1232.98
INV00511,C021,2020-09-09,2020-10-04,4628.64
INV00512,C024,2020-09-13,2020-10-18,10781.39
INV00513,C026,2020-10-20,2020-11-05,7796.03
INV00514,C027,2020-08-29,2020-10-07,2892.1
INV00515,C027,2020-09-07,2020-10-11,4338.15
INV00516,C029,2020-10-01,2020-10-15,1916.79
INV00517,C030,2020-09-17,2020-10-30,5436.73
INV00518,C031,2020-09-27,2020-10-09,663.74
INV00519,C031,2020-09-16,2020-10-13,995.6
INV00520,C032,2020-09-11,2020-10-17,10813.16
INV00521,C035,2020-09-27,2020-10-11,2035.53
INV00522,C036,2020-10-16,2020-11-08,4189.05
INV00523,C037,2020-10-08,2020-10-19,2140.88
INV00524,C037,2020-10-03,2020-10-19,2140.88
INV00525,C038,2020-10-15,2020-10-27,5968.35
INV00526,C039,2020-09-29,2020-10-30,3341.2
INV00527,C040,2020-10-21,2020-11-09,2765.6
INV00528,C042,2020-09-03,2020-10-10,1466.38
INV00529,C044,2020-09-30,2020-11-04,3250.24
INV00530,C044,2020-10-08,2020-11-08,4875.36
INV00531,C047,2020-10-07,2020-10-15,9766.08
INV00532,C048,2020-10-02,2020-10-17,5830.15
INV00533,C049,2020-10-20,2020-11-02,4069.34
INV00534,C053,2020-09-20,2020-11-01,10265.6
INV00535,C055,2020-09-17,2020-10-12,10154.69
INV00536,C056,2020-10-11,2020-10-20,3548.65
INV00537,C057,2020-10-01,2020-11-12,2913.57
INV00538,C057,2020-11-08,2020-11-16,4370.35
INV00539,C057,2020-10-25,2020-11-12,7283.92
INV00540,C058,2020-10-11,2020-11-03,16034.74
INV00541,C058,2020-10-21,2020-11-03,16034.74
INV00542,C066,2020-09-24,2020-10-25,3441.19
INV00543,C070,2020-09-20,2020-10-24,2423.67
INV00544,C075,2020-10-02,2020-11-14,5361.29
INV00545,C079,2020-09-07,2020-10-17,11145.05
INV00546,C083,2020-11-02,2020-11-11,5741.02
INV00547,C083,2020-10-18,2020-11-15,8611.53
INV00548,C087,2020-10-03,2020-10-29,652.22
INV00549,C087,2020-10-22,2020-11-02,978.33
INV00550,C094,2020-09-25,2020-10-30,14152.53
INV00551,C096,2020-10-14,2020-10-23,4543.01
INV00552,C096,2020-09-18,2020-10-27,6814.51
INV00553,C100,2020-10-02,2020-10-31,1038.73
INV00554,C002,2020-11-06,2020-11-30,4396.89
INV00555,C003,2020-09-22,2020-11-05,2004.76
INV00556,C004,2020-10-18,2020-11-06,6678.97
INV00557,C005,2020-10-11,2020-11-07,11606.35
INV00558,C006,2020-10-15,2020-11-20,10390.39
INV00559,C007,2020-10-10,2020-11-06,7403.85
INV00560,C008,2020-11-13,2020-12-14,1656.74
INV00561,C008,2020-12-09,2020-12-18,2485.12
INV00562,C009,2020-10-14,2020-11-13,4565.66
INV00563,C009,2020-10-20,2020-11-17,6848.49
INV00564,C010,2020-11-16,2020-12-09,8311.26
INV00565,C012,2020-10-05,2020-11-19,9826.11
INV00566,C013,2020-10-09,2020-11-17,6243.8
INV00567,C015,2020-10-12,2020-11-10,3490.42
INV00568,C015,2020-10-10,2020-11-14,5235.62
INV00569,C018,2020-10-13,2020-11-20,4920.59
INV00570,C019,2020-10-31,2020-12-15,3256.27
INV00571,C020,2020-11-08,2020-12-06,4021.25
INV00572,C024,2020-10-11,2020-11-22,11294.55
INV00573,C025,2020-11-07,2020-11-26,2698.75
INV00574,C025,2020-10-21,2020-11-30,4048.13
INV00575,C030,2020-11-08,2020-11-26,4983.53
INV00576,C031,2020-10-13,2020-11-25,3170.09
INV00577,C032,2020-10-25,2020-11-28,4379.43
INV00578,C032,2020-10-20,2020-12-02,6569.14
INV00579,C034,2020-10-29,2020-11-19,2248.11
INV00580,C034,2020-11-04,2020-11-23,3372.17
INV00581,C035,2020-12-01,2020-12-12,687.11
INV00582,C035,2020-11-07,2020-12-16,1030.66
INV00583,C037,2020-10-12,2020-11-06,3214.56
INV00584,C040,2020-10-18,2020-12-01,3936.1
INV00585,C042,2020-11-07,2020-12-01,347.11
INV00586,C042,2020-10-27,2020-12-05,520.67
INV00587,C043,2020-10-26,2020-12-08,6661.47
INV00588,C045,2020-11-02,2020-11-12,7606.54
INV00589,C049,2020-11-04,2020-12-06,4876.03
INV00590,C050,2020-10-02,2020-11-13,3469.37
INV00591,C052,2020-11-08,2020-11-25,7782.01
INV00592,C054,2020-11-08,2020-12-12,1389.53
INV00593,C055,2020-10-23,2020-12-03,2635.47
INV00594,C059,2020-11-06,2020-12-12,3609.05
INV00595,C059,2020-11-01,2020-12-12,3609.05
INV00596,C064,2020-11-23,2020-12-08,3458.6
INV00597,C077,2020-11-02,2020-12-03,1151.49
INV00598,C077,2020-11-21,2020-12-03,1151.49
INV00599,C079,2020-11-06,2020-11-25,5987.24
INV00600,C082,2020-10-16,2020-11-19,8948.13
INV00601,C083,2020-11-15,2020-12-15,11173.64
INV00602,C086,2020-11-04,2020-12-09,4568.01
INV00603,C089,2020-11-30,2020-12-14,7419.65
INV00604,C094,2020-11-24,2020-12-16,14634.92
INV00605,C001,2020-10-26,2020-12-07,1484.36
INV00606,C001,2020-11-15,2020-12-11,2226.54
INV00607,C002,2020-12-07,2021-01-01,2682.75
INV00608,C003,2020-11-24,2020-12-20,1980.1
INV00609,C004,2020-11-23,2020-12-10,6698.59
INV00610,C005,2020-12-01,2021-01-11,4997.91
INV00611,C005,2021-01-08,2021-01-15,7496.87
INV00612,C006,2020-12-08,2021-01-13,4406.12
INV00613,C006,2020-12-21,2021-01-17,6609.19
INV00614,C007,2020-11-03,2020-12-11,7459.48
INV00615,C008,2020-11-22,2021-01-04,1606.57
INV00616,C008,2021-01-01,2021-01-08,2409.85
INV00617,C009,2020-10-26,2020-12-02,12124.33
INV00618,C010,2020-11-30,2020-12-15,3173.22
INV00619,C010,2020-11-15,2020-12-19,4759.83
INV00620,C011,2020-11-14,2020-12-09,5613.28
INV00621,C013,2020-12-19,2020-12-26,7682.43
INV00622,C014,2020-12-07,2020-12-22,6615.19
INV00623,C016,2020-11-02,2020-12-02,9001.91
INV00624,C018,2020-12-03,2021-01-04,10029.85
INV00625,C020,2020-11-24,2020-12-19,2202.24
INV00626,C022,2020-11-27,2020-12-26,1231.81
INV00627,C022,2020-11-25,2020-12-30,1847.72
INV00628,C024,2020-12-02,2020-12-24,12102.96
INV00629,C025,2020-11-25,2020-12-20,6600.78
INV00630,C026,2020-11-22,2020-12-05,3004.41
INV00631,C026,2020-11-17,2020-12-09,4506.62
INV00632,C027,2020-11-02,2020-12-16,7667.25
INV00633,C028,2020-10-25,2020-12-09,7452.25
INV00634,C029,2020-11-11,2020-12-25,696.85
INV00635,C029,2020-11-23,2020-12-29,1045.27
INV00636,C034,2020-12-18,2020-12-30,4576.6
INV00637,C035,2020-11-06,2020-12-18,1973.97
INV00638,C036,2020-12-01,2020-12-12,2252.39
INV00639,C037,2020-11-24,2020-12-19,3781.1
INV00640,C038,2020-12-26,2021-01-07,7473.62
INV00641,C040,2020-12-29,2021-01-08,4811.37
INV00642,C042,2020-12-15,2021-01-07,1495.06
INV00643,C043,2020-11-20,2020-12-13,4073.96
INV00644,C046,2021-01-04,2021-01-14,2947.84
INV00645,C047,2020-12-09,2020-12-29,7630.13
INV00646,C048,2020-12-03,2020-12-10,6551.38
INV00647,C052,2020-11-06,2020-12-07,1587.04
INV00648,C052,2020-10-27,2020-12-11,2380.56
INV00649,C053,2020-11-28,2020-12-29,8043.58
INV00650,C054,2020-12-16,2021-01-10,420.1
INV00651,C056,2021-01-03,2021-01-10,6554.9
INV00652,C056,2020-12-26,2021-01-14,9832.35
INV00653,C060,2020-11-24,2020-12-15,8685.16
INV00654,C061,2020-12-01,2021-01-02,19841.26
INV00655,C062,2020-12-24,2021-01-05,9408.46
INV00656,C063,2020-11-07,2020-12-22,3806.41
INV00657,C063,2020-12-06,2020-12-26,5709.61
INV00658,C064,2020-11-19,2020-12-03,3158.08
INV00659,C065,2020-11-24,2021-01-06,4007.36
INV00660,C066,2020-12-22,2021-01-11,5138.58
INV00661,C069,2020-11-24,2020-12-12,776.87
INV00662,C069,2020-11-30,2020-12-16,1165.3
INV00663,C084,2020-12-06,2021-01-15,4402.88
INV00664,C090,2020-11-13,2020-12-17,894.56
INV00665,C090,2020-12-11,2020-12-21,1341.84
INV00666,C092,2020-12-02,2021-01-01,6873.88
INV00667,C098,2020-11-19,2020-12-30,4912.41
INV00668,C001,2020-12-31,2021-01-13,1456.87
INV00669,C001,2021-01-10,2021-01-17,2185.3
INV00670,C002,2020-12-27,2021-01-15,4222.19
INV00671,C004,2020-12-12,2021-01-24,6735.0
INV00672,C005,2020-12-26,2021-01-16,11655.87
INV00673,C006,2020-12-12,2021-01-16,10608.38
INV00674,C007,2021-01-06,2021-01-24,7261.38
INV00675,C008,2021-01-15,2021-02-14,3993.97
INV00676,C009,2020-12-02,2021-01-08,11358.36
INV00677,C010,2021-01-09,2021-02-09,8454.92
INV00678,C011,2020-12-16,2021-01-27,5657.29
INV00679,C014,2020-12-09,2021-01-15,4736.72
INV00680,C015,2020-12-24,2021-01-15,3061.24
INV00681,C015,2020-12-12,2021-01-19,4591.86
INV00682,C017,2020-12-26,2021-01-23,4805.98
INV00683,C017,2021-01-16,2021-01-27,7208.98
INV00684,C018,2021-02-05,2021-02-15,3041.46
INV00685,C018,2021-02-02,2021-02-19,4562.19
INV00686,C019,2020-11-28,2021-01-11,2242.79
INV00687,C023,2020-12-23,2021-02-04,1141.09
INV00688,C024,2020-12-08,2021-01-09,14157.92
INV00689,C028,2021-01-01,2021-02-04,4830.26
INV00690,C028,2021-01-20,2021-02-08,7245.39
INV00691,C029,2021-01-27,2021-02-11,613.28
INV00692,C029,2021-02-04,2021-02-15,919.92
INV00693,C030,2020-12-01,2021-01-06,3937.6
INV00694,C032,2020-12-21,2021-01-25,6824.82
INV00695,C034,2020-12-21,2021-01-24,8888.37
INV00696,C040,2021-01-09,2021-02-09,4715.64
INV00697,C041,2020-12-21,2021-01-23,3323.72
INV00698,C043,2021-01-02,2021-02-03,2339.57
INV00699,C043,2020-12-30,2021-02-07,3509.36
INV00700,C045,2020-12-11,2021-01-10,6988.86
INV00701,C048,2021-01-10,2021-02-12,3485.17
INV00702,C049,2021-01-24,2021-02-06,6227.16
INV00703,C050,2020-12-22,2021-01-23,1820.4
INV00704,C050,2020-12-20,2021-01-27,2730.6
INV00705,C056,2021-01-22,2021-02-07,13411.57
INV00706,C061,2020-12-11,2021-01-21,3579.03
INV00707,C065,2021-01-25,2021-02-14,7085.62
INV00708,C065,2021-02-02,2021-02-18,10628.44
INV00709,C069,2021-01-06,2021-01-17,1877.3
INV00710,C074,2020-12-31,2021-01-18,11650.02
INV00711,C078,2021-01-01,2021-01-20,830.87
INV00712,C080,2021-01-23,2021-02-11,3851.93
INV00713,C080,2021-01-04,2021-02-15,5777.89
INV00714,C083,2021-01-02,2021-01-11,2257.23
INV00715,C083,2020-12-10,2021-01-15,3385.84
INV00716,C085,2020-12-09,2021-01-11,12205.4
INV00717,C092,2021-01-14,2021-02-02,3426.71
INV00718,C096,2020-11-24,2021-01-06,7871.94
INV00719,C096,2020-12-25,2021-01-06,7871.94
INV00720,C100,2021-02-01,2021-02-11,1817.27
INV00721,C001,2021-02-19,2021-03-12,3832.54
INV00722,C003,2021-01-21,2021-02-13,799.56
INV00723,C004,2021-01-30,2021-02-25,6759.35
INV00724,C006,2021-01-24,2021-02-16,11144.49
INV00725,C007,2021-01-21,2021-03-05,7347.93
INV00726,C008,2021-01-17,2021-02-14,3936.77
INV00727,C009,2021-01-20,2021-02-05,4507.07
INV00728,C009,2020-12-28,2021-02-09,6760.61
INV00729,C010,2021-02-05,2021-02-25,8020.32
INV00730,C011,2021-01-09,2021-02-20,1914.66
INV00731,C011,2021-01-13,2021-02-24,2871.99
INV00732,C012,2021-01-29,2021-02-17,7477.8
INV00733,C013,2021-03-04,2021-03-15,1815.24
INV00734,C013,2021-02-18,2021-03-19,2722.85
INV00735,C014,2021-01-29,2021-02-11,3381.56
INV00736,C015,2021-02-09,2021-03-04,6582.43
INV00737,C016,2021-01-24,2021-02-03,8393.66
INV00738,C018,2021-01-13,2021-02-22,5184.52
INV00739,C020,2021-02-05,2021-03-10,4113.72
INV00740,C022,2021-02-12,2021-02-27,1076.24
INV00741,C022,2021-02-08,2021-03-03,1614.36
INV00742,C023,2021-01-24,2021-02-13,490.09
INV00743,C023,2021-01-27,2021-02-17,735.14
INV00744,C026,2021-02-28,2021-03-12,3422.03
INV00745,C027,2021-02-05,2021-03-13,5683.49
INV00746,C028,2021-01-03,2021-02-14,11846.83
INV00747,C029,2021-01-06,2021-02-07,626.5
INV00748,C029,2021-01-02,2021-02-11,939.75
INV00749,C031,2021-03-07,2021-03-18,2900.1
INV00750,C032,2021-02-25,2021-03-14,11591.37
INV00751,C033,2021-02-17,2021-03-12,9855.2
INV00752,C035,2021-02-04,2021-02-12,2102.31
INV00753,C038,2021-01-09,2021-02-11,4454.59
INV00754,C039,2021-01-17,2021-02-28,3361.84
INV00755,C040,2021-01-19,2021-02-19,4000.55
INV00756,C043,2021-02-11,2021-02-18,7275.49
INV00757,C045,2021-02-02,2021-03-05,7699.84
INV00758,C046,2021-01-18,2021-02-16,4491.55
INV00759,C048,2021-02-03,2021-03-03,7787.85
INV00760,C049,2021-02-12,2021-03-02,2510.28
INV00761,C049,2021-01-24,2021-03-06,3765.42
INV00762,C052,2021-02-12,2021-02-27,8873.93
INV00763,C054,2021-03-01,2021-03-17,1833.78
INV00764,C058,2021-02-06,2021-02-15,4628.18
INV00765,C059,2021-01-30,2021-02-22,6018.46
INV00766,C060,2021-02-16,2021-02-24,7755.04
INV00767,C060,2021-01-20,2021-02-28,11632.57
INV00768,C073,2021-02-15,2021-03-04,2007.89
INV00769,C075,2021-03-03,2021-03-10,15092.67
INV00770,C079,2021-02-08,2021-03-12,2824.08
INV00771,C079,2021-02-07,2021-03-16,4236.13
INV00772,C080,2021-01-06,2021-02-17,8038.46
INV00773,C082,2021-02-03,2021-03-11,11820.17
INV00774,C084,2021-01-28,2021-02-05,593.13
INV00775,C087,2021-02-12,2021-03-13,3744.11
INV00776,C088,2021-01-24,2021-02-04,6762.27
INV00777,C090,2021-02-11,2021-03-05,7475.43
INV00778,C091,2021-02-03,2021-03-16,4589.8
INV00779,C093,2021-02-13,2021-02-25,1336.58
INV00780,C094,2021-02-12,2021-02-24,7762.63
INV00781,C100,2021-01-12,2021-02-21,1740.29
INV00782,C100,2021-02-09,2021-02-21,1740.29
INV00783,C001,2021-02-26,2021-03-16,1459.93
INV00784,C001,2021-03-08,2021-03-20,2189.9
INV00785,C003,2021-03-26,2021-04-09,1833.72
INV00786,C004,2021-03-14,2021-03-24,6591.38
INV00787,C005,2021-02-14,2021-03-14,12109.75
INV00788,C006,2021-03-16,2021-03-28,4224.53
INV00789,C006,2021-03-07,2021-04-01,6336.79
INV00790,C007,2021-03-04,2021-03-23,2950.85
INV00791,C007,2021-02-17,2021-03-27,4426.28
INV00792,C008,2021-02-09,2021-03-12,1640.98
INV00793,C008,2021-02-18,2021-03-16,2461.48
INV00794,C009,2021-02-14,2021-03-14,4763.86
INV00795,C009,2021-02-14,2021-03-18,7145.8
INV00796,C010,2021-02-20,2021-03-03,8267.04
INV00797,C012,2021-02-27,2021-03-15,10706.95
INV00798,C013,2021-02-11,2021-03-24,6332.19
INV00799,C014,2021-03-03,2021-03-31,2122.78
INV00800,C014,2021-03-05,2021-04-04,3184.18
INV00801,C016,2021-03-01,2021-04-15,2282.14
INV00802,C016,2021-03-29,2021-04-19,3423.21
INV00803,C017,2021-03-12,2021-03-26,8487.51
INV00804,C018,2021-01-21,2021-03-02,8404.78
INV00805,C019,2021-02-18,2021-03-12,2106.96
INV00806,C021,2021-01-29,2021-03-02,4370.75
INV00807,C022,2021-02-14,2021-03-16,3377.77
INV00808,C023,2021-02-24,2021-03-24,977.17
INV00809,C024,2021-03-01,2021-03-11,15736.31
INV00810,C024,2021-02-24,2021-03-11,15736.31
INV00811,C026,2021-03-16,2021-03-29,4945.27
INV00812,C027,2021-02-28,2021-03-11,4797.58
INV00813,C028,2021-02-27,2021-04-06,8607.97
INV00814,C029,2021-03-08,2021-04-10,784.14
INV00815,C029,2021-03-14,2021-04-14,1176.21
INV00816,C030,2021-02-24,2021-03-28,5936.71
INV00817,C033,2021-01-29,2021-03-15,12090.06
INV00818,C034,2021-03-03,2021-04-07,7883.05
INV00819,C035,2021-02-06,2021-03-23,1003.04
INV00820,C038,2021-02-19,2021-03-11,6920.68
INV00821,C039,2021-02-24,2021-04-08,4249.11
INV00822,C040,2021-02-28,2021-03-07,4363.37
INV00823,C043,2021-03-03,2021-03-19,4122.65
INV00824,C044,2021-02-25,2021-03-30,2970.18
INV00825,C044,2021-02-23,2021-04-03,4455.28
INV00826,C047,2021-02-27,2021-03-24,4610.98
INV00827,C049,2021-03-26,2021-04-14,3687.94
INV00828,C065,2021-03-06,2021-04-14,10227.1
INV00829,C067,2021-03-07,2021-04-06,3812.4
INV00830,C074,2021-02-03,2021-03-07,2899.12
INV00831,C074,2021-02-11,2021-03-11,4348.69
INV00832,C077,2021-02-26,2021-03-19,1945.73
INV00833,C078,2021-03-21,2021-04-02,1960.44
INV00834,C081,2021-03-04,2021-04-14,5032.88
INV00835,C085,2021-02-26,2021-03-14,2950.66
INV00836,C087,2021-02-24,2021-04-09,2175.52
INV00837,C088,2021-02-11,2021-03-17,12520.17
INV00838,C090,2021-03-13,2021-04-10,12988.07
INV00839,C093,2021-02-21,2021-03-14,352.05
INV00840,C093,2021-03-07,2021-03-18,528.08
INV00841,C096,2021-03-15,2021-03-27,6679.58
INV00842,C096,2021-03-23,2021-03-31,10019.36
INV00843,C001,2021-03-26,2021-04-14,3618.37
INV00844,C002,2021-03-29,2021-04-22,1642.56
INV00845,C002,2021-04-10,2021-04-26,2463.84
INV00846,C004,2021-03-02,2021-04-06,6802.22
INV00847,C006,2021-04-05,2021-05-14,4309.87
INV00848,C006,2021-04-26,2021-05-18,6464.8
INV00849,C007,2021-04-14,2021-04-23,7222.18
INV00850,C008,2021-04-02,2021-05-14,4044.07
INV00851,C009,2021-03-15,2021-04-23,12052.44
INV00852,C010,2021-04-08,2021-05-05,7749.04
INV00853,C011,2021-03-23,2021-04-06,6781.75
INV00854,C015,2021-04-19,2021-04-30,7040.24
INV00855,C015,2021-03-17,2021-04-30,7040.24
INV00856,C017,2021-03-22,2021-05-06,11489.71
INV00857,C019,2021-04-18,2021-05-06,2385.36
INV00858,C023,2021-04-20,2021-04-27,989.81
INV00859,C024,2021-03-21,2021-04-07,12080.24
INV00860,C026,2021-05-02,2021-05-15,6127.41
INV00861,C027,2021-04-18,2021-05-12,9052.87
INV00862,C028,2021-03-17,2021-04-10,11373.48
INV00863,C029,2021-04-16,2021-04-23,545.34
INV00864,C029,2021-03-23,2021-04-27,818.01
INV00865,C030,2021-04-20,2021-04-29,4637.05
INV00866,C031,2021-02-26,2021-04-02,1631.9
INV00867,C033,2021-04-06,2021-05-05,3392.61
INV00868,C033,2021-04-13,2021-05-09,5088.92
INV00869,C034,2021-03-16,2021-04-25,6711.61
INV00870,C035,2021-03-03,2021-04-17,2039.47
INV00871,C036,2021-04-23,2021-05-14,1700.28
INV00872,C036,2021-04-16,2021-05-18,2550.42
INV00873,C037,2021-03-09,2021-04-22,2658.39
INV00874,C039,2021-04-21,2021-04-28,5138.8
INV00875,C042,2021-03-16,2021-04-16,1618.34
INV00876,C043,2021-03-07,2021-04-20,6199.84
INV00877,C044,2021-03-17,2021-04-20,2607.53
INV00878,C044,2021-03-19,2021-04-24,3911.29
INV00879,C048,2021-03-08,2021-04-22,4010.39
INV00880,C050,2021-03-28,2021-04-21,7647.62
INV00881,C052,2021-04-08,2021-05-10,4558.32
INV00882,C054,2021-05-02,2021-05-15,1247.68
INV00883,C057,2021-03-14,2021-04-28,2326.87
INV00884,C059,2021-03-21,2021-04-25,2356.95
INV00885,C062,2021-03-14,2021-04-12,1200.71
INV00886,C062,2021-03-04,2021-04-16,1801.07
INV00887,C063,2021-04-24,2021-05-13,9697.78
INV00888,C067,2021-04-10,2021-05-06,532.38
INV00889,C067,2021-04-17,2021-05-10,798.56
INV00890,C069,2021-03-23,2021-05-07,391.85
INV00891,C069,2021-04-01,2021-05-11,587.78
INV00892,C074,2021-03-29,2021-04-10,1294.89
INV00893,C074,2021-04-05,2021-04-14,1942.33
INV00894,C083,2021-02-24,2021-04-02,12371.89
INV00895,C084,2021-04-11,2021-05-05,3352.96
INV00896,C085,2021-03-19,2021-04-25,9345.69
INV00897,C089,2021-04-05,2021-05-14,1536.57
INV00898,C091,2021-03-27,2021-04-21,1452.47
INV00899,C091,2021-04-10,2021-04-25,2178.7
INV00900,C092,2021-04-15,2021-04-27,4354.27
INV00901,C095,2021-03-10,2021-04-19,11765.71
INV00902,C097,2021-03-30,2021-04-30,13740.53
INV00903,C099,2021-04-06,2021-05-01,4562.11
INV00904,C001,2021-05-01,2021-06-08,2310.07
INV00905,C003,2021-05-10,2021-05-29,1858.77
INV00906,C004,2021-05-17,2021-06-09,2822.6
INV00907,C004,2021-05-16,2021-06-13,4233.91
INV00908,C005,2021-04-23,2021-05-03,4659.97
INV00909,C005,2021-04-26,2021-05-07,6989.96
INV00910,C006,2021-04-15,2021-05-17,4446.07
INV00911,C006,2021-04-12,2021-05-21,6669.1
INV00912,C007,2021-05-20,2021-06-07,7592.79
INV00913,C008,2021-04-26,2021-05-10,4248.9
INV00914,C009,2021-04-27,2021-06-06,4894.86
INV00915,C009,2021-05-16,2021-06-10,7342.3
INV00916,C010,2021-05-19,2021-06-03,7732.72
INV00917,C011,2021-05-02,2021-06-15,7269.35
INV00918,C012,2021-04-16,2021-05-24,9055.69
INV00919,C019,2021-06-05,2021-06-15,2922.32
INV00920,C022,2021-05-04,2021-05-17,2575.37
INV00921,C024,2021-04-20,2021-05-13,10336.9
INV00922,C027,2021-05-30,2021-06-11,7806.2
INV00923,C028,2021-05-20,2021-06-12,4998.55
INV00924,C028,2021-05-11,2021-06-16,7497.83
INV00925,C030,2021-04-19,2021-05-27,5903.45
INV00926,C031,2021-04-24,2021-06-05,996.78
INV00927,C031,2021-05-10,2021-06-09,1495.17
INV00928,C032,2021-05-12,2021-06-14,9069.24
INV00929,C033,2021-04-15,2021-05-23,10027.34
INV00930,C034,2021-04-08,2021-05-18,8183.47
INV00931,C035,2021-05-06,2021-05-26,2493.95
INV00932,C036,2021-05-10,2021-06-01,2901.69
INV00933,C039,2021-04-15,2021-05-25,3309.21
INV00934,C040,2021-04-30,2021-06-05,4667.32
INV00935,C041,2021-04-03,2021-05-15,5388.87
INV00936,C043,2021-05-04,2021-06-02,3030.31
INV00937,C043,2021-05-20,2021-06-06,4545.47
INV00938,C044,2021-04-23,2021-05-19,8525.35
INV00939,C046,2021-04-23,2021-06-06,4306.84
INV00940,C048,2021-04-13,2021-05-02,4355.43
INV00941,C050,2021-05-03,2021-05-15,7565.59
INV00942,C053,2021-04-29,2021-05-26,4793.51
INV00943,C053,2021-04-16,2021-05-30,7190.26
INV00944,C054,2021-05-11,2021-05-23,747.02
INV00945,C058,2021-04-17,2021-05-29,5691.54
INV00946,C058,2021-05-24,2021-06-02,8537.31
INV00947,C064,2021-05-13,2021-06-07,3948.09
INV00948,C064,2021-05-05,2021-06-11,5922.14
INV00949,C067,2021-05-10,2021-06-11,1547.87
INV00950,C069,2021-05-06,2021-06-09,1210.74
INV00951,C073,2021-05-16,2021-06-14,3116.84
INV00952,C075,2021-04-20,2021-06-02,11473.88
INV00953,C076,2021-04-09,2021-05-04,481.09
INV00954,C086,2021-04-26,2021-05-09,8563.42
INV00955,C100,2021-05-18,2021-06-07,339.15
INV00956,C002,2021-05-20,2021-06-26,4371.24
INV00957,C003,2021-07-02,2021-07-16,1909.75
INV00958,C004,2021-06-01,2021-06-30,6781.65
INV00959,C005,2021-05-27,2021-07-10,12022.23
INV00960,C006,2021-06-24,2021-07-12,4346.54
INV00961,C006,2021-06-01,2021-07-16,6519.8
INV00962,C009,2021-05-28,2021-07-05,11197.63
INV00963,C010,2021-05-01,2021-06-06,8329.24
INV00964,C011,2021-06-27,2021-07-07,8162.18
INV00965,C013,2021-05-22,2021-06-13,3655.93
INV00966,C014,2021-05-10,2021-06-16,1645.18
INV00967,C014,2021-05-19,2021-06-20,2467.78
INV00968,C015,2021-05-15,2021-06-15,1958.6
INV00969,C015,2021-05-09,2021-06-19,2937.9
INV00970,C016,2021-06-23,2021-07-06,4639.07
INV00971,C016,2021-06-11,2021-07-10,6958.6
INV00972,C020,2021-06-17,2021-07-04,3398.25
INV00973,C021,2021-06-10,2021-07-04,4115.82
INV00974,C022,2021-07-02,2021-07-11,3608.54
INV00975,C023,2021-06-03,2021-07-07,703.31
INV00976,C024,2021-05-03,2021-06-17,3708.18
INV00977,C024,2021-06-09,2021-06-21,5562.27
INV00978,C025,2021-05-10,2021-06-23,2723.9
INV00979,C025,2021-05-25,2021-06-27,4085.86
INV00980,C026,2021-05-10,2021-06-04,6115.98
INV00981,C027,2021-05-22,2021-06-11,7687.16
INV00982,C028,2021-06-17,2021-06-29,4979.75
INV00983,C028,2021-06-21,2021-07-03,7469.62
INV00984,C030,2021-07-01,2021-07-16,3638.14
INV00985,C032,2021-05-18,2021-07-02,2614.62
INV00986,C032,2021-06-17,2021-07-06,3921.93
INV00987,C035,2021-06-14,2021-07-04,3057.94
INV00988,C038,2021-05-25,2021-07-08,4334.97
INV00989,C040,2021-06-15,2021-07-09,4148.56
INV00990,C041,2021-06-01,2021-06-13,3999.5
INV00991,C044,2021-05-24,2021-06-02,5739.67
INV00992,C045,2021-06-20,2021-07-05,6796.15
INV00993,C047,2021-06-05,2021-06-26,9721.69
INV00994,C049,2021-05-22,2021-06-07,5947.15
INV00995,C051,2021-05-26,2021-07-06,3033.34
INV00996,C057,2021-06-18,2021-07-09,1813.96
INV00997,C061,2021-06-06,2021-06-30,2968.99
INV00998,C061,2021-06-23,2021-07-04,4453.48
INV00999,C063,2021-05-18,2021-06-28,10130.61
INV01000,C069,2021-06-13,2021-07-08,4102.43
INV01001,C074,2021-05-25,2021-07-05,12064.81
INV01002,C076,2021-06-07,2021-06-19,403.52
INV01003,C076,2021-06-07,2021-06-23,605.28
INV01004,C078,2021-05-05,2021-06-17,1051.77
INV01005,C081,2021-06-02,2021-07-04,4344.51
INV01006,C082,2021-06-29,2021-07-07,1736.04
INV01007,C082,2021-06-08,2021-07-11,2604.05
INV01008,C083,2021-05-31,2021-07-03,7825.18
INV01009,C086,2021-06-06,2021-07-07,11266.25
INV01010,C087,2021-05-24,2021-06-13,4103.11
INV01011,C092,2021-05-21,2021-06-03,7249.6
INV01012,C093,2021-05-24,2021-06-08,404.45
INV01013,C093,2021-05-17,2021-06-12,606.68
INV01014,C096,2021-06-01,2021-06-21,4140.21
INV01015,C098,2021-05-29,2021-06-12,6067.97
INV01016,C001,2021-07-18,2021-07-27,3597.12
INV01017,C003,2021-06-26,2021-07-25,773.63
INV01018,C003,2021-07-18,2021-07-29,1160.45
INV01019,C004,2021-05-29,2021-07-11,2814.87
INV01020,C004,2021-06-21,2021-07-15,4222.3
INV01021,C005,2021-06-17,2021-07-10,12042.2
INV01022,C006,2021-06-24,2021-07-15,11249.72
INV01023,C008,2021-07-17,2021-08-02,1635.44
INV01024,C008,2021-06-25,2021-08-06,2453.16
INV01025,C009,2021-06-12,2021-07-06,11305.49
INV01026,C010,2021-07-15,2021-07-25,8149.15
INV01027,C011,2021-06-18,2021-07-24,7017.37
INV01028,C013,2021-07-06,2021-08-10,2178.75
INV01029,C013,2021-07-02,2021-08-14,3268.12
INV01030,C014,2021-06-24,2021-08-04,2958.15
INV01031,C017,2021-07-24,2021-08-01,3659.74
INV01032,C017,2021-07-21,2021-08-05,5489.62
INV01033,C021,2021-07-03,2021-08-14,3052.99
INV01034,C022,2021-06-24,2021-07-21,2864.35
INV01035,C023,2021-07-08,2021-08-08,830.99
INV01036,C024,2021-07-15,2021-08-05,8238.48
INV01037,C025,2021-05-27,2021-07-07,10396.55
INV01038,C026,2021-07-12,2021-08-15,5261.29
INV01039,C029,2021-07-12,2021-08-03,1144.24
INV01040,C033,2021-07-13,2021-08-08,13511.33
INV01041,C034,2021-06-01,2021-07-12,5419.17
INV01042,C035,2021-07-14,2021-07-25,2685.9
INV01043,C036,2021-06-20,2021-07-08,2280.48
INV01044,C038,2021-06-15,2021-07-10,1384.26
INV01045,C038,2021-07-06,2021-07-14,2076.39
INV01046,C040,2021-06-25,2021-07-12,3630.37
INV01047,C042,2021-06-24,2021-07-18,982.8
INV01048,C045,2021-07-09,2021-08-06,3080.67
INV01049,C045,2021-07-26,2021-08-10,4621.01
INV01050,C046,2021-05-23,2021-07-06,2279.18
INV01051,C047,2021-07-04,2021-08-08,9746.92
INV01052,C050,2021-07-03,2021-08-15,6232.54
INV01053,C051,2021-06-17,2021-07-12,9256.96
INV01054,C067,2021-06-16,2021-07-06,1751.14
INV01055,C068,2021-07-07,2021-08-08,3002.42
INV01056,C070,2021-06-11,2021-07-11,1555.16
INV01057,C070,2021-06-28,2021-07-15,2332.73
INV01058,C071,2021-07-20,2021-08-12,2613.51
INV01059,C075,2021-06-30,2021-07-30,18235.61
INV01060,C078,2021-06-17,2021-07-06,965.77
INV01061,C078,2021-05-29,2021-07-10,1448.66
INV01062,C086,2021-07-20,2021-07-28,4253.63
INV01063,C086,2021-06-22,2021-08-01,6380.45
INV01064,C087,2021-06-20,2021-07-14,7038.39
INV01065,C088,2021-06-24,2021-07-31,8134.18
INV01066,C093,2021-06-08,2021-07-12,254.16
INV01067,C097,2021-07-16,2021-07-31,4761.29
INV01068,C097,2021-07-07,2021-08-04,7141.94
INV01069,C099,2021-05-31,2021-07-09,858.08
INV01070,C099,2021-06-24,2021-07-13,1287.12
INV01071,C001,2021-08-14,2021-09-12,1563.94
INV01072,C001,2021-08-18,2021-09-16,2345.91
INV01073,C002,2021-08-04,2021-08-29,4141.69
INV01074,C003,2021-07-25,2021-08-29,1986.54
INV01075,C004,2021-07-23,2021-08-30,6748.49
INV01076,C006,2021-08-19,2021-08-30,10328.18
INV01077,C007,2021-08-09,2021-08-17,7389.12
INV01078,C008,2021-07-31,2021-08-09,4114.42
INV01079,C009,2021-08-22,2021-09-07,11470.23
INV01080,C010,2021-06-28,2021-08-07,8016.27
INV01081,C011,2021-08-27,2021-09-12,5177.79
INV01082,C012,2021-07-31,2021-09-14,7245.65
INV01083,C017,2021-08-18,2021-09-10,9386.37
INV01084,C018,2021-08-19,2021-09-09,7902.48
INV01085,C019,2021-08-28,2021-09-13,1758.32
INV01086,C022,2021-07-26,2021-08-21,2227.5
INV01087,C023,2021-08-15,2021-09-03,419.45
INV01088,C023,2021-08-27,2021-09-07,629.17
INV01089,C025,2021-07-17,2021-08-30,6179.82
INV01090,C027,2021-08-01,2021-08-12,4818.27
INV01091,C029,2021-08-05,2021-08-25,1210.45
INV01092,C030,2021-07-04,2021-08-07,1928.82
INV01093,C030,2021-07-27,2021-08-11,2893.24
INV01094,C031,2021-07-26,2021-08-18,2661.34
INV01095,C032,2021-08-06,2021-08-29,6500.13
INV01096,C033,2021-07-11,2021-08-15,7855.56
INV01097,C036,2021-07-26,2021-08-16,3278.33
INV01098,C039,2021-07-29,2021-09-03,6105.25
INV01099,C040,2021-08-26,2021-09-06,1473.18
INV01100,C040,2021-08-04,2021-09-10,2209.76
INV01101,C042,2021-08-29,2021-09-15,1465.48
INV01102,C044,2021-08-19,2021-09-14,6689.0
INV01103,C045,2021-08-13,2021-09-05,3120.33
INV01104,C045,2021-07-30,2021-09-09,4680.49
INV01105,C046,2021-08-17,2021-09-08,2415.77
INV01106,C047,2021-08-22,2021-09-06,9271.93
INV01107,C048,2021-08-31,2021-09-13,4273.65
INV01108,C060,2021-08-18,2021-08-27,4736.55
INV01109,C060,2021-08-24,2021-08-31,7104.83
INV01110,C063,2021-08-18,2021-08-27,4076.98
INV01111,C068,2021-08-24,2021-09-01,16217.23
INV01112,C071,2021-07-29,2021-08-10,8303.59
INV01113,C072,2021-08-10,2021-08-17,1120.56
INV01114,C072,2021-07-08,2021-08-21,1680.84
INV01115,C074,2021-07-21,2021-08-15,3325.93
INV01116,C079,2021-07-26,2021-09-06,7782.61
INV01117,C086,2021-08-22,2021-09-13,16618.0
INV01118,C087,2021-07-03,2021-08-05,2488.93
INV01119,C092,2021-07-23,2021-08-10,4120.7
INV01120,C097,2021-07-14,2021-08-26,4639.12
INV01121,C097,2021-07-27,2021-08-30,6958.68
INV01122,C001,2021-08-09,2021-09-04,3925.68
INV01123,C002,2021-09-13,2021-09-21,4136.56
INV01124,C005,2021-08-07,2021-09-15,4853.84
INV01125,C006,2021-08-27,2021-10-11,10578.46
INV01126,C007,2021-09-04,2021-10-10,7700.87
INV01127,C008,2021-09-18,2021-09-27,4038.59
INV01128,C009,2021-08-06,2021-09-05,11911.0
INV01129,C010,2021-09-26,2021-10-11,8137.14
INV01130,C011,2021-08-12,2021-09-23,4182.67
INV01131,C013,2021-09-24,2021-10-07,4063.35
INV01132,C017,2021-09-04,2021-09-17,4852.3
INV01133,C017,2021-08-11,2021-09-21,7278.45
INV01134,C017,2021-08-10,2021-09-17,12130.76
INV01135,C018,2021-08-17,2021-09-16,6551.38
INV01136,C019,2021-09-14,2021-10-01,2331.72
INV01137,C020,2021-08-18,2021-09-29,2552.01
INV01138,C021,2021-09-03,2021-10-09,4371.39
INV01139,C022,2021-08-02,2021-09-16,2530.24
INV01140,C023,2021-09-01,2021-10-13,750.84
INV01141,C024,2021-08-29,2021-09-28,14879.4
INV01142,C025,2021-09-30,2021-10-13,8923.54
INV01143,C027,2021-09-21,2021-09-28,2922.44
INV01144,C028,2021-07-30,2021-09-03,12366.99
INV01145,C030,2021-09-10,2021-10-14,6462.43
INV01146,C031,2021-09-02,2021-09-26,3596.89
INV01147,C032,2021-08-09,2021-09-21,6973.3
INV01148,C033,2021-07-30,2021-09-03,7008.04
INV01149,C033,2021-08-16,2021-09-03,7008.04
INV01150,C034,2021-08-27,2021-09-11,4926.65
INV01151,C035,2021-08-27,2021-09-18,872.34
INV01152,C035,2021-08-28,2021-09-22,1308.51
INV01153,C036,2021-07-28,2021-09-10,3479.99
INV01154,C038,2021-09-08,2021-09-16,3874.92
INV01155,C040,2021-08-07,2021-09-03,4548.72
INV01156,C041,2021-09-26,2021-10-09,2327.47
INV01157,C041,2021-09-09,2021-10-13,3491.2
INV01158,C043,2021-08-05,2021-09-06,4640.57
INV01159,C044,2021-09-01,2021-10-07,5863.99
INV01160,C046,2021-08-28,2021-09-07,4360.91
INV01161,C055,2021-08-10,2021-09-15,9760.72
INV01162,C056,2021-08-07,2021-09-07,6068.53
INV01163,C056,2021-08-12,2021-09-11,9102.79
INV01164,C058,2021-09-07,2021-10-07,6570.32
INV01165,C063,2021-09-16,2021-09-28,9003.12
INV01166,C064,2021-09-07,2021-09-18,10764.29
INV01167,C068,2021-08-16,2021-09-13,5584.48
INV01168,C071,2021-08-28,2021-09-17,7539.31
INV01169,C072,2021-10-03,2021-10-16,11559.49
INV01170,C078,2021-08-05,2021-09-03,556.62
INV01171,C086,2021-08-18,2021-09-24,5354.94
INV01172,C086,2021-09-14,2021-09-28,8032.41
INV01173,C087,2021-10-01,2021-10-11,6177.56
INV01174,C088,2021-08-30,2021-09-06,4778.29
INV01175,C100,2021-08-21,2021-09-22,2249.56
INV01176,C001,2021-09-19,2021-10-07,3647.32
INV01177,C002,2021-09-25,2021-10-13,4083.93
INV01178,C003,2021-10-04,2021-10-24,1859.79
INV01179,C004,2021-09-23,2021-11-07,2645.31
INV01180,C004,2021-10-18,2021-11-11,3967.97
INV01181,C006,2021-10-19,2021-11-10,10439.59
INV01182,C007,2021-09-04,2021-10-11,2863.52
INV01183,C007,2021-09-09,2021-10-15,4295.28
INV01184,C008,2021-09-19,2021-10-29,4230.11
INV01185,C009,2021-09-29,2021-10-14,11840.58
INV01186,C010,2021-09-11,2021-10-25,7899.74
INV01187,C015,2021-09-26,2021-10-29,8820.35
INV01188,C016,2021-09-13,2021-10-22,10985.44
INV01189,C017,2021-09-19,2021-10-24,9002.59
INV01190,C020,2021-09-15,2021-10-23,3325.3
INV01191,C021,2021-08-28,2021-10-08,1634.11
INV01192,C021,2021-09-11,2021-10-12,2451.16
INV01193,C022,2021-10-16,2021-11-14,3913.95
INV01194,C023,2021-10-25,2021-11-04,351.44
INV01195,C023,2021-10-29,2021-11-08,527.17
INV01196,C024,2021-08-31,2021-10-13,3104.32
INV01197,C024,2021-09-10,2021-10-17,4656.49
INV01198,C026,2021-10-08,2021-10-17,7115.22
INV01199,C027,2021-09-26,2021-11-02,4852.56
INV01200,C028,2021-09-04,2021-10-12,4930.11
INV01201,C028,2021-10-07,2021-10-16,7395.16
INV01202,C030,2021-09-23,2021-11-05,1324.47
INV01203,C031,2021-10-08,2021-11-10,1742.98
INV01204,C033,2021-09-14,2021-10-29,14241.15
INV01205,C035,2021-09-22,2021-11-04,2213.98
INV01206,C036,2021-10-15,2021-10-22,2627.34
INV01207,C040,2021-09-18,2021-10-14,1292.15
INV01208,C040,2021-09-24,2021-10-18,1938.23
INV01209,C043,2021-09-30,2021-10-11,6361.1
INV01210,C045,2021-08-27,2021-10-06,3682.34
INV01211,C045,2021-09-04,2021-10-10,5523.51
INV01212,C048,2021-09-17,2021-10-04,6727.14
INV01213,C049,2021-09-01,2021-10-09,2956.1
INV01214,C049,2021-09-08,2021-10-13,4434.14
INV01215,C050,2021-10-03,2021-11-11,6046.98
INV01216,C056,2021-08-22,2021-10-04,5384.47
INV01217,C056,2021-09-24,2021-10-08,8076.71
INV01218,C059,2021-09-21,2021-10-05,5999.72
INV01219,C063,2021-09-20,2021-10-25,5966.83
INV01220,C066,2021-10-02,2021-10-16,4142.47
INV01221,C068,2021-11-02,2021-11-14,6856.78
INV01222,C071,2021-10-22,2021-11-03,1629.45
INV01223,C071,2021-10-08,2021-11-07,2444.18
INV01224,C072,2021-08-24,2021-10-02,11978.02
INV01225,C074,2021-09-21,2021-10-06,8730.32
INV01226,C079,2021-09-16,2021-10-09,4909.14
INV01227,C080,2021-10-30,2021-11-14,13775.43
INV01228,C087,2021-08-27,2021-10-08,5815.91
INV01229,C092,2021-09-08,2021-10-15,2194.91
INV01230,C092,2021-09-18,2021-10-19,3292.37
INV01231,C098,2021-09-14,2021-10-13,6715.1
INV01232,C099,2021-10-13,2021-10-26,2308.94
INV01233,C100,2021-10-04,2021-11-01,1829.53
INV01234,C001,2021-10-31,2021-12-13,3885.22
INV01235,C002,2021-10-08,2021-11-12,1716.54
INV01236,C002,2021-10-12,2021-11-16,2574.8
INV01237,C003,2021-10-11,2021-11-10,1975.27
INV01238,C005,2021-11-20,2021-12-07,12524.24
INV01239,C006,2021-10-19,2021-11-05,10771.82
INV01240,C007,2021-10-25,2021-11-03,2862.52
INV01241,C007,2021-10-12,2021-11-07,4293.78
INV01242,C008,2021-11-30,2021-12-09,3941.49
INV01243,C009,2021-11-04,2021-11-17,11189.44
INV01244,C010,2021-11-04,2021-11-20,7661.25
INV01245,C011,2021-09-28,2021-11-04,7904.35
INV01246,C012,2021-10-12,2021-11-04,9215.49
INV01247,C014,2021-11-07,2021-11-26,6632.79
INV01248,C016,2021-09-23,2021-11-07,5564.61
INV01249,C018,2021-11-22,2021-12-03,5673.5
INV01250,C019,2021-10-26,2021-12-09,3267.07
INV01251,C020,2021-11-11,2021-11-18,2767.58
INV01252,C021,2021-10-13,2021-11-21,2361.53
INV01253,C023,2021-11-22,2021-12-06,1074.15
INV01254,C024,2021-11-05,2021-11-15,3541.41
INV01255,C024,2021-10-16,2021-11-19,5312.12
INV01256,C026,2021-11-07,2021-11-19,4040.08
INV01257,C028,2021-10-08,2021-11-20,9860.76
INV01258,C029,2021-10-22,2021-11-14,709.93
INV01259,C029,2021-10-26,2021-11-18,1064.89
INV01260,C031,2021-10-14,2021-11-15,3363.88
INV01261,C032,2021-11-25,2021-12-02,6122.92
INV01262,C036,2021-11-03,2021-12-06,4000.57
INV01263,C037,2021-10-19,2021-11-29,3151.46
INV01264,C038,2021-10-06,2021-11-06,4665.99
INV01265,C039,2021-11-06,2021-12-04,5525.85
INV01266,C040,2021-10-29,2021-11-14,1622.79
INV01267,C040,2021-10-04,2021-11-18,2434.19
INV01268,C041,2021-10-19,2021-11-20,6553.33
INV01269,C041,2021-10-21,2021-11-20,6553.33
INV01270,C042,2021-10-29,2021-12-08,1022.76
INV01271,C043,2021-11-15,2021-12-06,4563.55
INV01272,C045,2021-11-12,2021-12-15,4619.41
INV01273,C047,2021-11-06,2021-12-12,2727.82
INV01274,C047,2021-11-13,2021-12-16,4091.73
INV01275,C049,2021-10-17,2021-11-11,6251.33
INV01276,C050,2021-10-23,2021-12-01,1475.72
INV01277,C050,2021-10-23,2021-12-05,2213.58
INV01278,C051,2021-10-06,2021-11-19,5688.29
INV01279,C053,2021-10-27,2021-12-07,6107.14
INV01280,C062,2021-11-14,2021-11-26,4943.26
INV01281,C066,2021-10-10,2021-11-11,1681.48
INV01282,C068,2021-11-01,2021-11-08,5458.54
INV01283,C068,2021-10-17,2021-11-12,8187.8
INV01284,C069,2021-11-26,2021-12-04,543.75
INV01285,C070,2021-11-03,2021-12-12,2200.59
INV01286,C085,2021-10-03,2021-11-14,11474.96
INV01287,C092,2021-10-25,2021-11-22,879.21
INV01288,C092,2021-10-17,2021-11-26,1318.82
INV01289,C097,2021-11-01,2021-12-03,15906.68
INV01290,C003,2021-12-25,2022-01-11,1970.32
INV01291,C004,2021-11-27,2022-01-09,6692.12
INV01292,C005,2021-12-01,2021-12-31,11718.77
INV01293,C006,2021-12-01,2021-12-29,4382.77
INV01294,C006,2021-12-15,2022-01-02,6574.15
INV01295,C007,2021-11-08,2021-12-03,7235.46
INV01296,C010,2021-12-05,2021-12-22,7895.31
INV01297,C012,2021-11-11,2021-12-05,12679.27
INV01298,C014,2022-01-03,2022-01-15,3657.09
INV01299,C019,2021-11-03,2021-12-06,3300.55
INV01300,C020,2021-12-08,2021-12-24,4374.62
INV01301,C023,2021-11-13,2021-12-28,1018.29
INV01302,C025,2021-11-05,2021-12-16,7499.54
INV01303,C026,2021-12-23,2022-01-01,6257.86
INV01304,C028,2021-12-28,2022-01-14,6679.27
INV01305,C029,2021-10-31,2021-12-15,1508.2
INV01306,C031,2021-11-16,2021-12-24,2422.49
INV01307,C032,2021-11-19,2021-12-06,7280.15
INV01308,C033,2021-11-05,2021-12-02,7208.55
INV01309,C035,2021-12-20,2022-01-14,2083.48
INV01310,C036,2021-11-25,2021-12-16,1315.73
INV01311,C036,2021-12-04,2021-12-20,1973.6
INV01312,C037,2021-11-25,2021-12-18,1272.74
INV01313,C037,2021-11-17,2021-12-22,1909.1
INV01314,C039,2021-11-20,2021-12-31,5348.31
INV01315,C042,2021-11-19,2021-12-21,849.68
INV01316,C047,2021-11-29,2021-12-22,6471.7
INV01317,C050,2021-11-24,2021-12-30,4020.58
INV01318,C053,2021-12-10,2022-01-09,7591.66
INV01319,C060,2021-12-24,2022-01-15,8058.53
INV01320,C062,2021-11-01,2021-12-15,7370.4
INV01321,C062,2021-11-15,2021-12-15,7370.4
INV01322,C064,2021-11-06,2021-12-04,2974.64
INV01323,C067,2021-11-30,2022-01-11,2472.47
INV01324,C067,2021-12-04,2022-01-15,3708.7
INV01325,C071,2021-11-08,2021-12-10,1886.73
INV01326,C072,2021-11-13,2021-12-24,3313.93
INV01327,C072,2021-11-26,2021-12-28,4970.89
INV01328,C074,2021-12-01,2022-01-05,13147.11
INV01329,C076,2021-11-05,2021-12-15,1140.02
INV01330,C077,2021-11-15,2021-12-03,1626.7
INV01331,C081,2021-12-25,2022-01-18,1756.65
INV01332,C086,2021-11-12,2021-12-21,10991.04
INV01333,C088,2021-11-16,2021-12-14,9823.28
INV01334,C100,2021-12-02,2021-12-30,1924.97
INV01335,C001,2021-12-23,2022-01-13,1544.0
INV01336,C001,2021-12-10,2022-01-17,2316.0
INV01337,C002,2022-01-06,2022-02-15,4474.21
INV01338,C003,2022-01-20,2022-01-28,774.31
INV01339,C003,2021-12-28,2022-02-01,1161.47
INV01340,C004,2022-01-29,2022-02-09,6680.42
INV01341,C005,2022-01-10,2022-02-06,12437.3
INV01342,C006,2021-12-13,2022-01-16,11198.39
INV01343,C007,2021-12-11,2022-01-24,7425.26
INV01344,C008,2022-01-04,2022-01-25,4025.71
INV01345,C009,2022-01-02,2022-01-24,11145.93
INV01346,C010,2022-01-13,2022-01-29,8355.17
INV01347,C011,2022-01-03,2022-01-19,4087.29
INV01348,C012,2022-01-15,2022-01-26,12285.45
INV01349,C013,2021-12-25,2022-01-05,6158.06
INV01350,C014,2022-01-27,2022-02-05,3363.34
INV01351,C015,2022-02-05,2022-02-12,6613.38
INV01352,C018,2021-12-01,2022-01-06,4234.21
INV01353,C018,2021-12-27,2022-01-10,6351.31
INV01354,C020,2021-12-23,2022-02-03,3637.12
INV01355,C021,2022-01-18,2022-02-01,1048.94
INV01356,C021,2022-01-14,2022-02-05,1573.41
INV01357,C022,2021-12-12,2022-01-18,2680.61
INV01358,C024,2021-12-20,2022-01-04,8699.42
INV01359,C026,2022-02-05,2022-02-12,3891.96
INV01360,C028,2021-12-30,2022-02-02,6712.33
INV01361,C029,2021-11-28,2022-01-08,490.9
INV01362,C029,2021-12-18,2022-01-12,736.34
INV01363,C030,2021-12-12,2022-01-11,4077.6
INV01364,C036,2021-12-20,2022-01-23,2090.6
INV01365,C038,2022-01-30,2022-02-10,2893.71
INV01366,C039,2021-12-18,2022-01-13,3653.65
INV01367,C041,2021-12-01,2022-01-04,7051.2
INV01368,C042,2022-01-12,2022-01-24,1470.15
INV01369,C043,2022-01-04,2022-02-11,4158.81
INV01370,C044,2021-12-27,2022-02-10,7872.21
INV01371,C046,2022-01-17,2022-02-05,1241.32
INV01372,C046,2022-01-26,2022-02-09,1861.99
INV01373,C048,2021-12-17,2022-01-27,1902.01
INV01374,C048,2021-12-24,2022-01-31,2853.01
INV01375,C049,2021-12-16,2022-01-30,4534.98
INV01376,C050,2022-01-12,2022-01-19,3677.08
INV01377,C053,2021-12-04,2022-01-06,5558.41
INV01378,C058,2021-12-27,2022-01-03,3862.07
INV01379,C062,2022-01-02,2022-01-31,8903.94
INV01380,C063,2022-01-05,2022-01-17,5728.86
INV01381,C068,2021-12-24,2022-01-17,4828.01
INV01382,C068,2022-01-06,2022-01-21,7242.02
INV01383,C078,2021-12-03,2022-01-12,1832.99
INV01384,C080,2022-01-11,2022-01-19,4899.81
INV01385,C083,2021-12-10,2022-01-13,6670.4
INV01386,C093,2022-01-16,2022-02-01,1249.3
INV01387,C096,2022-01-07,2022-02-05,8408.26
INV01388,C097,2021-12-24,2022-02-02,4096.36
INV01389,C097,2022-01-11,2022-02-06,6144.54
INV01390,C100,2022-01-03,2022-01-13,429.19
INV01391,C001,2022-01-11,2022-02-02,1538.35
INV01392,C001,2022-01-12,2022-02-06,2307.53
INV01393,C002,2022-01-05,2022-02-02,4077.13
INV01394,C003,2022-01-24,2022-02-25,1177.16
INV01395,C004,2022-01-08,2022-02-21,2812.71
INV01396,C004,2022-01-23,2022-02-25,4219.06
INV01397,C006,2021-12-31,2022-02-11,6350.71
INV01398,C007,2022-01-08,2022-02-14,7272.21
INV01399,C009,2022-02-07,2022-03-12,11599.23
INV01400,C010,2022-02-17,2022-03-18,3359.46
INV01401,C010,2022-03-15,2022-03-22,5039.18
INV01402,C011,2022-01-24,2022-02-28,7468.99
INV01403,C013,2022-01-21,2022-02-16,4284.72
INV01404,C014,2022-01-16,2022-02-13,5854.31
INV01405,C015,2022-02-10,2022-02-20,7633.72
INV01406,C016,2022-02-09,2022-03-17,3449.56
INV01407,C016,2022-02-12,2022-03-21,5174.33
INV01408,C018,2022-01-26,2022-03-09,7844.92
INV01409,C022,2022-02-24,2022-03-13,1455.06
INV01410,C022,2022-02-05,2022-03-17,2182.59
INV01411,C023,2022-01-20,2022-02-05,600.68
INV01412,C025,2022-02-22,2022-03-07,8318.37
INV01413,C026,2021-12-31,2022-02-10,6119.15
INV01414,C028,2022-02-05,2022-03-05,2190.53
INV01415,C028,2022-01-30,2022-03-09,3285.8
INV01416,C029,2022-02-01,2022-02-08,1128.22
INV01417,C031,2022-02-08,2022-02-23,2346.22
INV01418,C035,2022-01-14,2022-02-08,2430.78
INV01419,C037,2022-01-17,2022-02-24,2362.98
INV01420,C039,2022-01-08,2022-02-13,5916.05
INV01421,C042,2022-03-03,2022-03-18,446.58
INV01422,C042,2022-02-19,2022-03-22,669.87
INV01423,C044,2022-02-03,2022-03-03,6731.48
INV01424,C045,2022-01-31,2022-02-26,4590.96
INV01425,C046,2022-02-03,2022-03-15,2403.07
INV01426,C047,2022-01-25,2022-02-17,7051.27
INV01427,C049,2022-01-24,2022-03-06,3799.95
INV01428,C050,2022-01-27,2022-03-09,5317.68
INV01429,C051,2022-02-26,2022-03-11,12255.14
INV01430,C052,2022-01-22,2022-02-22,8474.01
INV01431,C053,2022-02-18,2022-03-16,6446.03
INV01432,C055,2022-01-28,2022-03-10,19483.25
INV01433,C062,2022-01-17,2022-02-09,4717.88
INV01434,C062,2022-01-19,2022-02-13,7076.82
INV01435,C064,2022-01-08,2022-02-18,5575.66
INV01436,C066,2022-01-08,2022-02-02,2882.92
INV01437,C067,2022-02-11,2022-03-11,1023.7
INV01438,C070,2021-12-20,2022-02-03,1564.78
INV01439,C072,2022-02-01,2022-02-23,12135.15
INV01440,C073,2022-02-20,2022-03-08,1870.12
INV01441,C074,2022-02-17,2022-03-18,6285.48
INV01442,C076,2022-01-18,2022-02-06,596.69
INV01443,C079,2022-02-10,2022-03-01,8956.31
INV01444,C080,2022-03-01,2022-03-12,8770.99
INV01445,C081,2022-01-07,2022-02-12,3657.31
INV01446,C086,2022-02-14,2022-02-26,11295.58
INV01447,C091,2022-01-16,2022-02-19,1440.95
INV01448,C091,2022-01-25,2022-02-23,2161.42
INV01449,C092,2022-01-30,2022-03-08,3936.2
INV01450,C001,2022-03-09,2022-03-19,3661.87
INV01451,C002,2022-02-14,2022-03-17,4170.93
INV01452,C005,2022-03-09,2022-04-04,12500.22
INV01453,C008,2022-03-14,2022-04-15,3865.79
INV01454,C010,2022-03-11,2022-03-20,8149.54
INV01455,C011,2022-02-20,2022-03-14,2708.08
INV01456,C011,2022-02-23,2022-03-18,4062.12
INV01457,C013,2022-03-11,2022-03-30,4092.96
INV01458,C017,2022-03-11,2022-04-13,5094.44
INV01459,C018,2022-02-08,2022-03-16,10390.57
INV01460,C019,2022-02-10,2022-03-17,617.55
INV01461,C019,2022-03-03,2022-03-21,926.32
INV01462,C020,2022-03-01,2022-03-29,2695.14
INV01463,C021,2022-01-29,2022-03-05,1565.86
INV01464,C021,2022-01-23,2022-03-09,2348.78
INV01465,C022,2022-03-04,2022-04-12,4404.23
INV01466,C032,2022-03-11,2022-04-15,2837.07
INV01467,C032,2022-03-20,2022-04-19,4255.61
INV01468,C037,2022-02-01,2022-03-15,3824.34
INV01469,C039,2022-03-06,2022-03-22,5963.26
INV01470,C040,2022-02-19,2022-04-01,2974.94
INV01471,C042,2022-02-21,2022-03-19,1310.71
INV01472,C043,2022-02-04,2022-03-20,7342.44
INV01473,C045,2022-02-13,2022-03-20,3374.31
INV01474,C045,2022-03-03,2022-03-24,5061.47
INV01475,C047,2022-03-12,2022-04-06,6746.81
INV01476,C048,2022-03-08,2022-04-11,4702.08
INV01477,C049,2022-02-22,2022-04-07,1895.58
INV01478,C049,2022-03-22,2022-04-11,2843.37
INV01479,C050,2022-02-14,2022-03-28,7428.94
INV01480,C051,2022-02-04,2022-03-02,1520.63
INV01481,C051,2022-01-22,2022-03-06,2280.94
INV01482,C055,2022-03-05,2022-03-20,3373.89
INV01483,C058,2022-03-26,2022-04-04,8108.6
INV01484,C058,2022-03-09,2022-04-08,12162.9
INV01485,C058,2022-03-10,2022-04-04,20271.51
INV01486,C067,2022-01-29,2022-03-13,1608.08
INV01487,C067,2022-03-02,2022-03-17,2412.11
INV01488,C070,2022-01-29,2022-03-05,2364.24
INV01489,C070,2022-02-03,2022-03-09,3546.35
INV01490,C071,2022-02-21,2022-04-06,9570.8
INV01491,C072,2022-02-25,2022-03-13,4210.54
INV01492,C072,2022-02-27,2022-03-17,6315.81
INV01493,C073,2022-03-07,2022-04-15,4243.37
INV01494,C073,2022-03-21,2022-04-19,6365.05
INV01495,C075,2022-03-30,2022-04-10,14839.9
INV01496,C083,2022-04-05,2022-04-13,11188.17
INV01497,C088,2022-03-10,2022-03-23,2865.34
INV01498,C090,2022-01-24,2022-03-04,15677.31
INV01499,C091,2022-03-06,2022-03-18,2900.91
INV01500,C094,2022-03-01,2022-04-03,5210.54
INV01501,C094,2022-03-23,2022-04-07,7815.81
INV01502,C001,2022-03-14,2022-04-19,1475.99
INV01503,C001,2022-03-21,2022-04-23,2213.98
INV01504,C003,2022-03-23,2022-04-25,1847.31
INV01505,C004,2022-04-07,2022-05-06,7074.01
INV01506,C005,2022-03-27,2022-04-22,12541.37
INV01507,C006,2022-03-19,2022-04-27,10573.79
INV01508,C007,2022-03-17,2022-04-04,7596.86
INV01509,C008,2022-04-03,2022-05-04,4089.19
INV01510,C009,2022-04-21,2022-05-06,11323.1
INV01511,C010,2022-03-28,2022-05-07,8285.07
INV01512,C011,2022-04-17,2022-05-09,6764.96
INV01513,C012,2022-03-17,2022-04-14,12191.55
INV01514,C012,2022-03-22,2022-04-14,12191.55
INV01515,C013,2022-04-12,2022-05-13,4403.96
INV01516,C015,2022-03-29,2022-05-11,5555.97
INV01517,C015,2022-04-05,2022-05-11,5555.97
INV01518,C020,2022-03-26,2022-04-29,3522.31
INV01519,C022,2022-03-29,2022-04-21,1188.56
INV01520,C022,2022-03-15,2022-04-25,1782.84
INV01521,C025,2022-04-16,2022-05-02,5227.38
INV01522,C026,2022-03-18,2022-04-15,2883.83
INV01523,C026,2022-03-07,2022-04-19,4325.74
INV01524,C028,2022-03-29,2022-04-19,11116.95
INV01525,C029,2022-04-12,2022-05-15,1907.6
INV01526,C032,2022-03-17,2022-04-16,5591.65
INV01527,C033,2022-03-09,2022-04-05,9006.47
INV01528,C035,2022-02-22,2022-04-04,1950.35
INV01529,C036,2022-03-17,2022-04-05,2614.76
INV01530,C037,2022-03-24,2022-04-18,1996.57
INV01531,C041,2022-03-09,2022-04-22,2727.13
INV01532,C043,2022-03-23,2022-04-24,7381.0
INV01533,C047,2022-04-09,2022-05-04,2450.67
INV01534,C047,2022-03-25,2022-05-08,3676.01
INV01535,C049,2022-04-16,2022-05-10,4991.6
INV01536,C059,2022-03-14,2022-04-09,1222.11
INV01537,C064,2022-03-21,2022-04-10,4533.59
INV01538,C067,2022-04-04,2022-05-05,6043.4
INV01539,C069,2022-03-12,2022-04-15,1112.67
INV01540,C071,2022-04-18,2022-05-15,3581.18
INV01541,C072,2022-02-28,2022-04-08,13743.66
INV01542,C074,2022-03-16,2022-04-08,15450.56
INV01543,C078,2022-03-30,2022-04-12,1749.27
INV01544,C086,2022-04-22,2022-04-30,3576.08
INV01545,C087,2022-04-21,2022-05-15,5814.33
INV01546,C092,2022-03-07,2022-04-16,7113.24
INV01547,C093,2022-03-23,2022-04-22,367.7
INV01548,C093,2022-03-13,2022-04-26,551.55
INV01549,C094,2022-03-09,2022-04-08,2266.78
INV01550,C094,2022-03-02,2022-04-12,3400.18
INV01551,C001,2022-04-06,2022-05-20,3599.8
INV01552,C002,2022-05-02,2022-06-12,4094.99
INV01553,C003,2022-05-08,2022-05-15,1870.24
INV01554,C004,2022-05-09,2022-05-18,6890.55
INV01555,C004,2022-04-24,2022-05-18,6890.55
INV01556,C005,2022-04-22,2022-06-02,12408.1
INV01557,C006,2022-05-02,2022-06-03,10861.58
INV01558,C007,2022-05-27,2022-06-14,7437.7
INV01559,C008,2022-04-13,2022-05-06,4192.57
INV01560,C009,2022-05-13,2022-05-25,11295.95
INV01561,C010,2022-05-29,2022-06-06,7919.79
INV01562,C011,2022-04-20,2022-05-29,5137.2
INV01563,C012,2022-04-20,2022-05-24,12107.1
INV01564,C014,2022-04-29,2022-06-13,3403.44
INV01565,C015,2022-05-05,2022-05-22,9216.72
INV01566,C018,2022-05-28,2022-06-15,10154.54
INV01567,C019,2022-04-04,2022-05-08,1685.5
INV01568,C020,2022-05-24,2022-06-02,3842.05
INV01569,C021,2022-04-24,2022-05-19,1160.9
INV01570,C021,2022-05-01,2022-05-23,1741.35
INV01571,C022,2022-05-20,2022-06-07,1260.72
INV01572,C022,2022-05-24,2022-06-11,1891.09
INV01573,C023,2022-03-20,2022-05-04,984.22
INV01574,C025,2022-04-18,2022-05-18,6748.17
INV01575,C026,2022-04-09,2022-05-13,3110.65
INV01576,C026,2022-04-14,2022-05-17,4665.97
INV01577,C029,2022-05-19,2022-06-05,1745.0
INV01578,C031,2022-04-26,2022-06-05,2990.38
INV01579,C032,2022-04-21,2022-06-02,6723.36
INV01580,C033,2022-05-27,2022-06-14,13045.71
INV01581,C035,2022-05-07,2022-06-11,1585.1
INV01582,C036,2022-05-03,2022-05-30,4563.96
INV01583,C037,2022-05-03,2022-06-03,729.49
INV01584,C037,2022-05-14,2022-06-07,1094.23
INV01585,C039,2022-04-10,2022-05-18,5695.03
INV01586,C040,2022-05-27,2022-06-11,2251.04
INV01587,C041,2022-04-04,2022-05-12,5287.26
INV01588,C043,2022-04-25,2022-05-10,2379.48
INV01589,C043,2022-05-07,2022-05-14,3569.22
INV01590,C045,2022-05-01,2022-06-14,3216.36
INV01591,C045,2022-06-02,2022-06-18,4824.54
INV01592,C048,2022-05-05,2022-06-02,4232.34
INV01593,C055,2022-05-21,2022-05-29,9831.02
INV01594,C058,2022-05-05,2022-06-01,3916.61
INV01595,C061,2022-04-18,2022-05-24,3369.41
INV01596,C062,2022-04-18,2022-05-12,5308.4
INV01597,C064,2022-04-13,2022-05-11,4038.01
INV01598,C066,2022-04-09,2022-05-09,901.74
INV01599,C066,2022-04-20,2022-05-13,1352.61
INV01600,C067,2022-04-25,2022-05-15,3470.23
INV01601,C071,2022-04-18,2022-05-19,4150.66
INV01602,C076,2022-04-30,2022-05-10,1072.95
INV01603,C081,2022-04-17,2022-05-04,2225.96
INV01604,C081,2022-04-23,2022-05-08,3338.94
INV01605,C084,2022-04-04,2022-05-07,2763.83
INV01606,C092,2022-05-18,2022-06-05,4581.19
INV01607,C099,2022-05-16,2022-05-25,2094.17
INV01608,C001,2022-05-09,2022-06-19,3694.57
INV01609,C003,2022-05-25,2022-06-08,1110.11
INV01610,C004,2022-06-10,2022-07-04,6551.35
INV01611,C005,2022-06-14,2022-07-03,11879.4
INV01612,C006,2022-05-09,2022-06-07,4469.77
INV01613,C006,2022-05-04,2022-06-11,6704.65
INV01614,C007,2022-06-06,2022-07-02,7292.46
INV01615,C008,2022-06-03,2022-06-21,4082.39
INV01616,C009,2022-04-21,2022-06-04,11670.02
INV01617,C010,2022-06-24,2022-07-09,8375.69
INV01618,C011,2022-06-01,2022-06-16,4953.43
INV01619,C012,2022-05-10,2022-06-22,9375.87
INV01620,C012,2022-06-03,2022-06-22,9375.87
INV01621,C013,2022-06-26,2022-07-07,3971.7
INV01622,C014,2022-05-19,2022-07-03,1573.07
INV01623,C014,2022-06-11,2022-07-07,2359.61
INV01624,C015,2022-06-07,2022-07-12,7330.15
INV01625,C016,2022-05-11,2022-06-06,3096.61
INV01626,C016,2022-05-22,2022-06-10,4644.92
INV01627,C020,2022-05-24,2022-06-12,3310.86
INV01628,C021,2022-05-16,2022-06-20,895.9
INV01629,C021,2022-06-11,2022-06-24,1343.85
INV01630,C023,2022-06-26,2022-07-04,918.48
INV01631,C025,2022-05-25,2022-07-08,6694.75
INV01632,C026,2022-06-17,2022-07-11,1448.96
INV01633,C026,2022-06-10,2022-07-15,2173.45
INV01634,C030,2022-06-11,2022-06-20,2524.57
INV01635,C033,2022-06-04,2022-07-07,10126.13
INV01636,C036,2022-06-03,2022-06-19,3227.82
INV01637,C037,2022-05-15,2022-06-17,3946.5
INV01638,C041,2022-05-09,2022-06-06,6530.32
INV01639,C043,2022-06-17,2022-07-03,5369.66
INV01640,C044,2022-05-29,2022-06-22,7428.83
INV01641,C046,2022-06-24,2022-07-15,3863.03
INV01642,C048,2022-05-29,2022-07-09,7256.87
INV01643,C049,2022-05-18,2022-06-09,5318.24
INV01644,C055,2022-06-08,2022-06-26,5447.01
INV01645,C071,2022-05-03,2022-06-04,2908.31
INV01646,C077,2022-06-19,2022-07-05,1567.63
INV01647,C093,2022-05-12,2022-06-02,1039.79
INV01648,C001,2022-07-21,2022-08-02,3615.15
INV01649,C002,2022-06-17,2022-07-11,4126.48
INV01650,C003,2022-06-30,2022-08-10,1960.53
INV01651,C004,2022-06-18,2022-08-02,2579.35
INV01652,C004,2022-07-26,2022-08-06,3869.02
INV01653,C005,2022-06-19,2022-07-26,4992.33
INV01654,C005,2022-06-30,2022-07-30,7488.5
INV01655,C006,2022-06-28,2022-07-16,10908.68
INV01656,C007,2022-07-23,2022-08-15,7368.61
INV01657,C008,2022-06-09,2022-07-21,1645.72
INV01658,C008,2022-06-13,2022-07-25,2468.58
INV01659,C009,2022-06-22,2022-08-04,4740.97
INV01660,C009,2022-07-16,2022-08-08,7111.45
INV01661,C011,2022-07-15,2022-07-31,4112.9
INV01662,C013,2022-07-24,2022-08-10,4075.77
INV01663,C015,2022-06-24,2022-08-01,6681.91
INV01664,C018,2022-07-08,2022-08-14,6097.6
INV01665,C023,2022-06-11,2022-07-06,852.55
INV01666,C025,2022-05-24,2022-07-04,2852.09
INV01667,C025,2022-06-01,2022-07-08,4278.13
INV01668,C026,2022-07-04,2022-08-05,2468.75
INV01669,C026,2022-07-12,2022-08-09,3703.12
INV01670,C028,2022-06-23,2022-07-14,11525.45
INV01671,C029,2022-07-07,2022-07-29,1948.19
INV01672,C032,2022-07-02,2022-07-23,6541.49
INV01673,C033,2022-07-24,2022-08-08,7777.91
INV01674,C036,2022-06-12,2022-07-16,3013.12
INV01675,C037,2022-07-21,2022-08-01,1434.49
INV01676,C037,2022-06-25,2022-08-05,2151.74
INV01677,C039,2022-07-02,2022-07-11,2189.19
INV01678,C039,2022-06-16,2022-07-15,3283.79
INV01679,C041,2022-06-10,2022-07-09,6864.7
INV01680,C042,2022-06-23,2022-07-09,1733.88
INV01681,C043,2022-07-01,2022-08-10,6839.41
INV01682,C044,2022-07-12,2022-07-31,4383.47
INV01683,C045,2022-06-14,2022-07-13,2857.0
INV01684,C045,2022-06-02,2022-07-17,4285.5
INV01685,C047,2022-06-05,2022-07-19,4940.13
INV01686,C048,2022-06-30,2022-07-15,4411.08
INV01687,C064,2022-07-12,2022-08-06,6053.47
INV01688,C068,2022-06-17,2022-07-22,12333.62
INV01689,C070,2022-07-29,2022-08-11,2319.34
INV01690,C073,2022-07-19,2022-08-01,6146.53
INV01691,C077,2022-05-22,2022-07-02,479.0
INV01692,C087,2022-07-13,2022-08-01,1706.71
INV01693,C087,2022-07-24,2022-08-05,2560.06
INV01694,C091,2022-06-11,2022-07-21,3796.41
INV01695,C092,2022-06-10,2022-07-08,1074.92
INV01696,C093,2022-06-13,2022-07-08,269.22
INV01697,C094,2022-07-17,2022-08-04,4788.98
INV01698,C096,2022-07-19,2022-08-05,18367.63
INV01699,C001,2022-07-13,2022-08-19,3627.85
INV01700,C003,2022-08-04,2022-09-03,1859.76
INV01701,C004,2022-07-13,2022-08-13,6772.28
INV01702,C005,2022-07-27,2022-08-30,12410.01
INV01703,C006,2022-07-24,2022-08-10,11174.82
INV01704,C007,2022-07-24,2022-08-22,7127.1
INV01705,C008,2022-07-05,2022-08-04,3918.37
INV01706,C009,2022-07-25,2022-08-14,11499.18
INV01707,C010,2022-07-30,2022-08-08,8305.72
INV01708,C011,2022-07-26,2022-08-21,5987.67
INV01709,C011,2022-07-08,2022-08-21,5987.67
INV01710,C013,2022-07-20,2022-08-24,5963.33
INV01711,C015,2022-07-25,2022-08-25,3134.22
INV01712,C015,2022-08-22,2022-08-29,4701.33
INV01713,C018,2022-06-29,2022-08-09,11065.21
INV01714,C021,2022-08-14,2022-08-22,2371.27
INV01715,C022,2022-08-22,2022-09-12,922.81
INV01716,C022,2022-08-14,2022-09-16,1384.21
INV01717,C028,2022-08-19,2022-09-15,3484.32
INV01718,C031,2022-08-16,2022-09-10,2043.09
INV01719,C032,2022-07-21,2022-08-07,6647.25
INV01720,C033,2022-07-14,2022-08-06,10951.02
INV01721,C036,2022-08-09,2022-09-13,2816.88
INV01722,C039,2022-08-21,2022-09-15,5178.16
INV01723,C042,2022-07-28,2022-08-17,1430.14
INV01724,C043,2022-07-12,2022-08-16,5921.43
INV01725,C044,2022-07-27,2022-08-08,8075.92
INV01726,C045,2022-08-09,2022-08-23,4160.47
INV01727,C047,2022-07-10,2022-08-24,3513.09
INV01728,C047,2022-07-16,2022-08-28,5269.64
INV01729,C050,2022-06-26,2022-08-10,4006.57
INV01730,C050,2022-07-12,2022-08-10,4006.57
INV01731,C053,2022-07-08,2022-08-13,3051.07
INV01732,C053,2022-07-09,2022-08-17,4576.61
INV01733,C067,2022-07-28,2022-08-04,6734.67
INV01734,C068,2022-08-10,2022-08-28,4564.04
INV01735,C068,2022-08-21,2022-09-01,6846.07
INV01736,C071,2022-07-24,2022-08-20,3678.53
INV01737,C078,2022-07-29,2022-08-12,1680.09
INV01738,C083,2022-08-10,2022-09-08,3150.78
INV01739,C083,2022-08-25,2022-09-12,4726.17
INV01740,C086,2022-08-28,2022-09-07,6628.53
INV01741,C087,2022-06-26,2022-08-09,3250.43
INV01742,C090,2022-07-07,2022-08-19,12831.09
INV01743,C099,2022-07-25,2022-08-11,2519.28
INV01744,C001,2022-08-19,2022-09-05,3629.32
INV01745,C002,2022-09-05,2022-10-04,2540.58
INV01746,C003,2022-09-22,2022-10-05,744.41
INV01747,C003,2022-09-21,2022-10-09,1116.62
INV01748,C005,2022-10-03,2022-10-13,12004.87
INV01749,C006,2022-09-03,2022-10-10,10798.97
INV01750,C007,2022-08-31,2022-10-15,7600.64
INV01751,C008,2022-09-18,2022-10-05,4055.49
INV01752,C009,2022-08-22,2022-09-30,11313.15
INV01753,C010,2022-09-14,2022-10-15,3294.47
INV01754,C010,2022-09-22,2022-10-19,4941.71
INV01755,C011,2022-08-15,2022-09-02,8421.17
INV01756,C013,2022-08-31,2022-10-08,3009.9
INV01757,C014,2022-08-22,2022-09-22,4089.96
INV01758,C015,2022-08-16,2022-09-14,2516.04
INV01759,C015,2022-08-21,2022-09-18,3774.05
INV01760,C020,2022-08-23,2022-09-19,3650.23
INV01761,C021,2022-08-27,2022-10-05,4141.67
INV01762,C021,2022-09-15,2022-10-05,4141.67
INV01763,C022,2022-08-20,2022-09-03,2247.19
INV01764,C023,2022-09-09,2022-09-19,1209.04
INV01765,C026,2022-08-17,2022-09-22,5527.53
INV01766,C029,2022-08-19,2022-09-19,1416.11
INV01767,C031,2022-09-29,2022-10-08,1939.13
INV01768,C033,2022-08-26,2022-09-10,9760.93
INV01769,C035,2022-08-18,2022-09-06,2461.93
INV01770,C036,2022-09-18,2022-10-16,3865.19
INV01771,C037,2022-09-06,2022-09-29,3937.05
INV01772,C040,2022-09-08,2022-09-16,2882.07
INV01773,C043,2022-09-29,2022-10-13,4973.57
INV01774,C044,2022-09-04,2022-10-05,4718.39
INV01775,C045,2022-09-11,2022-10-10,2119.62
INV01776,C045,2022-09-28,2022-10-14,3179.43
INV01777,C046,2022-09-01,2022-10-05,1064.97
INV01778,C046,2022-09-25,2022-10-09,1597.46
INV01779,C047,2022-07-25,2022-09-02,5583.57
INV01780,C048,2022-08-24,2022-09-29,4409.32
INV01781,C049,2022-09-20,2022-10-01,2414.0
INV01782,C049,2022-09-24,2022-10-05,3621.0
INV01783,C052,2022-07-31,2022-09-12,8842.53
INV01784,C053,2022-08-18,2022-09-05,7922.85
INV01785,C055,2022-09-28,2022-10-11,13039.22
INV01786,C055,2022-09-09,2022-10-11,13039.22
INV01787,C058,2022-09-17,2022-10-11,2283.75
INV01788,C061,2022-08-22,2022-10-04,7396.58
INV01789,C062,2022-08-19,2022-09-29,6054.58
INV01790,C065,2022-08-12,2022-09-05,9606.1
INV01791,C067,2022-08-24,2022-09-02,4439.26
INV01792,C076,2022-08-12,2022-09-12,353.17
INV01793,C079,2022-09-12,2022-10-12,5301.84
INV01794,C081,2022-09-20,2022-10-03,6442.86
INV01795,C083,2022-08-16,2022-09-08,4070.29
INV01796,C091,2022-08-25,2022-09-04,5057.26
INV01797,C096,2022-09-19,2022-10-04,9778.51
INV01798,C097,2022-09-19,2022-10-13,8196.15
INV01799,C001,2022-08-28,2022-10-09,1554.37
INV01800,C001,2022-09-21,2022-10-13,2331.56
INV01801,C004,2022-09-28,2022-10-17,6592.88
INV01802,C005,2022-09-18,2022-10-10,12489.93
INV01803,C006,2022-09-06,2022-10-16,11110.09
INV01804,C007,2022-10-08,2022-10-28,2852.23
INV01805,C007,2022-10-13,2022-11-01,4278.35
INV01806,C008,2022-09-09,2022-10-20,4102.24
INV01807,C009,2022-09-13,2022-10-24,11764.08
INV01808,C010,2022-10-05,2022-11-13,7755.57
INV01809,C011,2022-09-29,2022-10-27,1481.35
INV01810,C011,2022-09-22,2022-10-31,2222.02
INV01811,C013,2022-09-28,2022-10-06,2196.35
INV01812,C014,2022-09-10,2022-10-10,2223.93
INV01813,C014,2022-09-13,2022-10-14,3335.9
INV01814,C015,2022-09-22,2022-10-06,9277.82
INV01815,C021,2022-10-20,2022-11-15,2081.07
INV01816,C023,2022-10-15,2022-10-25,1043.5
INV01817,C029,2022-09-06,2022-10-02,1926.79
INV01818,C031,2022-10-22,2022-10-31,3486.56
INV01819,C033,2022-09-08,2022-10-10,7527.86
INV01820,C035,2022-08-27,2022-10-08,3397.74
INV01821,C037,2022-09-28,2022-10-31,3853.85
INV01822,C040,2022-10-11,2022-11-13,4946.71
INV01823,C041,2022-10-02,2022-10-18,4913.63
INV01824,C046,2022-09-28,2022-11-08,1868.57
INV01825,C046,2022-10-31,2022-11-12,2802.85
INV01826,C047,2022-10-20,2022-11-05,8567.01
INV01827,C048,2022-09-01,2022-10-09,5902.85
INV01828,C049,2022-09-09,2022-10-20,7591.2
INV01829,C052,2022-08-24,2022-10-04,7716.64
INV01830,C053,2022-10-12,2022-11-03,4384.09
INV01831,C053,2022-10-14,2022-11-07,6576.14
INV01832,C055,2022-09-21,2022-10-16,6879.03
INV01833,C055,2022-10-10,2022-10-20,10318.54
INV01834,C058,2022-10-16,2022-10-28,14010.0
INV01835,C061,2022-09-04,2022-10-05,7034.22
INV01836,C065,2022-10-15,2022-10-31,4153.57
INV01837,C066,2022-10-15,2022-11-08,4548.42
INV01838,C067,2022-09-19,2022-10-28,7280.64
INV01839,C067,2022-09-29,2022-10-28,7280.64
INV01840,C069,2022-09-18,2022-10-18,2786.03
INV01841,C071,2022-09-23,2022-11-05,1465.88
INV01842,C074,2022-10-12,2022-10-21,16089.59
INV01843,C080,2022-10-01,2022-10-24,5897.01
INV01844,C091,2022-10-14,2022-11-02,1667.39
INV01845,C092,2022-09-26,2022-10-21,3826.6
INV01846,C097,2022-08-21,2022-10-05,15781.32
INV01847,C001,2022-11-09,2022-12-05,3883.17
INV01848,C002,2022-11-16,2022-12-02,1764.29
INV01849,C002,2022-11-05,2022-12-06,2646.44
INV01850,C003,2022-10-12,2022-11-18,1885.6
INV01851,C004,2022-11-07,2022-11-23,7008.34
INV01852,C005,2022-09-28,2022-11-11,12223.69
INV01853,C006,2022-10-17,2022-11-09,10452.36
INV01854,C007,2022-10-27,2022-11-19,7239.72
INV01855,C008,2022-11-10,2022-11-21,4008.59
INV01856,C009,2022-10-06,2022-11-04,4676.26
INV01857,C009,2022-10-12,2022-11-08,7014.39
INV01858,C010,2022-10-17,2022-11-10,8436.92
INV01859,C012,2022-11-10,2022-12-01,2207.02
INV01860,C012,2022-11-11,2022-12-05,3310.53
INV01861,C013,2022-11-10,2022-12-03,3935.03
INV01862,C015,2022-11-14,2022-12-13,9778.42
INV01863,C018,2022-10-23,2022-12-04,9073.03
INV01864,C021,2022-10-25,2022-11-28,3812.97
INV01865,C022,2022-11-28,2022-12-13,2928.76
INV01866,C023,2022-11-08,2022-11-15,430.14
INV01867,C023,2022-10-23,2022-11-19,645.2
INV01868,C025,2022-10-04,2022-11-11,6273.97
INV01869,C026,2022-10-31,2022-11-22,6858.18
INV01870,C031,2022-10-16,2022-11-12,2256.22
INV01871,C033,2022-10-06,2022-11-02,9922.21
INV01872,C035,2022-11-14,2022-12-16,3084.92
INV01873,C035,2022-12-02,2022-12-16,3084.92
INV01874,C036,2022-10-04,2022-11-14,3719.35
INV01875,C040,2022-11-10,2022-12-15,3386.41
INV01876,C042,2022-11-02,2022-11-15,646.66
INV01877,C042,2022-10-20,2022-11-19,969.99
INV01878,C043,2022-10-24,2022-11-12,2032.22
INV01879,C043,2022-10-11,2022-11-16,3048.33
INV01880,C044,2022-10-13,2022-11-24,6334.99
INV01881,C046,2022-11-18,2022-12-01,3282.2
INV01882,C047,2022-11-13,2022-11-20,5885.6
INV01883,C050,2022-11-30,2022-12-16,5957.13
INV01884,C053,2022-11-09,2022-11-28,2955.5
INV01885,C053,2022-11-10,2022-12-02,4433.25
INV01886,C061,2022-10-15,2022-11-29,6976.3
INV01887,C065,2022-11-19,2022-12-11,19786.76
INV01888,C071,2022-11-22,2022-11-30,5601.31
INV01889,C076,2022-10-31,2022-11-22,273.32
INV01890,C077,2022-11-09,2022-12-02,1412.85
INV01891,C090,2022-10-11,2022-11-09,12584.0
INV01892,C091,2022-11-08,2022-11-20,1493.6
INV01893,C091,2022-11-06,2022-11-24,2240.39
INV01894,C092,2022-10-19,2022-11-21,6147.56
INV01895,C093,2022-11-06,2022-12-10,476.62
INV01896,C096,2022-10-30,2022-11-21,20136.73
INV01897,C001,2022-10-23,2022-12-07,3804.35
INV01898,C003,2022-12-22,2023-01-10,760.44
INV01899,C003,2022-12-22,2023-01-14,1140.65
INV01900,C004,2022-11-29,2022-12-29,6514.35
INV01901,C005,2022-10-27,2022-12-10,4915.98
INV01902,C005,2022-11-25,2022-12-14,7373.97
INV01903,C006,2022-12-13,2023-01-08,10671.43
INV01904,C008,2022-11-27,2022-12-04,4196.0
INV01905,C009,2022-12-02,2022-12-20,11893.22
INV01906,C010,2022-12-31,2023-01-11,8149.85
INV01907,C011,2022-11-14,2022-12-09,5979.43
INV01908,C014,2022-12-04,2022-12-14,5817.06
INV01909,C015,2022-12-13,2023-01-06,6771.93
INV01910,C021,2022-11-20,2022-12-16,4266.93
INV01911,C022,2022-12-02,2022-12-28,1348.81
INV01912,C022,2022-12-03,2023-01-01,2023.21
INV01913,C023,2022-11-15,2022-12-07,1122.95
INV01914,C025,2022-11-26,2022-12-14,9784.53
INV01915,C026,2022-11-25,2022-12-11,7248.9
INV01916,C028,2022-10-27,2022-12-03,9422.88
INV01917,C031,2022-11-12,2022-12-04,1073.13
INV01918,C031,2022-11-20,2022-12-08,1609.69
INV01919,C032,2023-01-02,2023-01-14,9814.31
INV01920,C035,2022-12-06,2022-12-20,2766.17
INV01921,C036,2022-10-28,2022-12-06,4531.12
INV01922,C040,2022-11-16,2022-12-29,3245.51
INV01923,C041,2022-11-29,2022-12-29,3362.13
INV01924,C043,2022-11-27,2023-01-01,8703.74
INV01925,C045,2022-11-05,2022-12-06,7898.5
INV01926,C046,2022-11-11,2022-12-07,3018.37
INV01927,C047,2022-12-14,2022-12-29,7549.34
INV01928,C048,2022-11-20,2022-12-02,7386.31
INV01929,C048,2022-10-23,2022-12-02,7386.31
INV01930,C049,2022-12-01,2022-12-26,6289.7
INV01931,C053,2022-11-05,2022-12-03,2790.47
INV01932,C066,2022-12-06,2023-01-04,986.34
INV01933,C066,2022-12-30,2023-01-08,1479.51
INV01934,C067,2022-12-29,2023-01-09,376.87
INV01935,C067,2022-12-26,2023-01-09,942.19
INV01936,C078,2022-12-02,2022-12-16,663.35
INV01937,C078,2022-12-02,2022-12-20,995.02
INV01938,C083,2022-12-05,2022-12-20,9697.71
INV01939,C094,2022-12-26,2023-01-11,3549.67
INV01940,C094,2022-12-22,2023-01-15,5324.5
INV01941,C099,2022-12-26,2023-01-05,4599.79
INV01942,C002,2023-01-02,2023-01-10,4192.98
INV01943,C003,2022-12-23,2023-01-09,1927.23
INV01944,C005,2022-12-02,2023-01-02,4786.65
INV01945,C005,2022-12-16,2023-01-06,7179.98
INV01946,C006,2022-12-17,2023-01-25,10883.59
INV01947,C007,2022-12-25,2023-01-07,7038.09
INV01948,C008,2023-01-04,2023-01-27,4107.49
INV01949,C009,2022-12-21,2023-01-27,11159.26
INV01950,C010,2022-12-21,2023-01-12,3115.92
INV01951,C010,2022-12-16,2023-01-16,4673.88
INV01952,C011,2023-01-08,2023-02-12,4932.09
INV01953,C012,2023-01-22,2023-02-14,8568.78
INV01954,C014,2022-12-14,2023-01-03,6334.96
INV01955,C015,2023-01-05,2023-01-16,2763.78
INV01956,C015,2023-01-11,2023-01-20,4145.67
INV01957,C020,2022-12-20,2023-01-23,1397.41
INV01958,C020,2022-12-23,2023-01-27,2096.12
INV01959,C025,2023-02-01,2023-02-15,7042.77
INV01960,C035,2022-12-12,2023-01-15,2527.3
INV01961,C039,2022-12-16,2023-01-22,2162.49
INV01962,C039,2023-01-11,2023-01-26,3243.73
INV01963,C040,2023-01-08,2023-01-31,2282.47
INV01964,C041,2023-01-16,2023-02-11,6966.42
INV01965,C042,2022-12-20,2023-01-15,1388.24
INV01966,C043,2023-02-06,2023-02-13,7592.25
INV01967,C045,2023-01-06,2023-02-09,6121.41
INV01968,C047,2023-01-11,2023-02-07,7171.63
INV01969,C049,2023-01-16,2023-02-03,4843.9
INV01970,C058,2023-01-20,2023-02-06,8647.44
INV01971,C059,2023-01-03,2023-02-01,7349.58
INV01972,C065,2023-01-13,2023-02-01,8868.94
INV01973,C067,2022-12-29,2023-02-08,3712.7
INV01974,C068,2023-01-27,2023-02-10,12002.34
INV01975,C072,2023-02-01,2023-02-13,6278.83
INV01976,C075,2023-01-08,2023-02-01,16794.84
INV01977,C079,2022-12-05,2023-01-03,9682.35
INV01978,C090,2023-01-06,2023-02-05,6278.87
INV01979,C094,2022-12-21,2023-01-11,11563.51
INV01980,C001,2023-02-03,2023-02-17,1520.32
INV01981,C001,2023-01-17,2023-02-21,2280.48
INV01982,C002,2023-01-01,2023-02-04,4096.89
INV01983,C004,2023-01-07,2023-02-17,6864.73
INV01984,C005,2023-01-09,2023-02-04,11690.93
INV01985,C006,2023-01-09,2023-02-14,10436.54
INV01986,C007,2023-01-13,2023-02-03,2856.42
INV01987,C007,2023-01-03,2023-02-07,4284.62
INV01988,C008,2022-12-31,2023-02-13,1641.53
INV01989,C008,2023-01-09,2023-02-17,2462.3
INV01990,C009,2023-02-02,2023-03-09,11686.14
INV01991,C010,2023-03-01,2023-03-15,8229.25
INV01992,C011,2023-01-31,2023-02-27,4925.21
INV01993,C012,2023-02-16,2023-03-07,9517.01
INV01994,C014,2023-01-28,2023-02-06,5196.08
INV01995,C015,2023-02-09,2023-03-14,2978.95
INV01996,C015,2023-02-19,2023-03-18,4468.43
INV01997,C020,2023-02-26,2023-03-11,3570.69
INV01998,C023,2023-02-02,2023-02-17,1031.21
INV01999,C028,2023-02-10,2023-02-27,6381.98
INV02000,C032,2023-02-08,2023-02-20,2655.85
INV02001,C032,2023-01-26,2023-02-24,3983.77
INV02002,C036,2023-02-07,2023-02-18,3941.31
INV02003,C037,2023-01-28,2023-02-17,2035.23
INV02004,C041,2023-03-02,2023-03-17,7243.21
INV02005,C042,2023-01-31,2023-02-22,552.74
INV02006,C042,2023-01-17,2023-02-26,829.11
INV02007,C043,2023-01-20,2023-02-09,7134.78
INV02008,C044,2023-01-29,2023-03-09,2125.11
INV02009,C044,2023-02-21,2023-03-13,3187.66
INV02010,C046,2023-02-20,2023-03-08,2196.21
INV02011,C047,2023-01-20,2023-02-13,6523.48
INV02012,C049,2023-01-31,2023-02-10,4892.84
INV02013,C053,2023-01-20,2023-02-28,2735.3
INV02014,C055,2023-02-09,2023-02-24,2743.19
INV02015,C059,2023-02-02,2023-03-18,1886.63
INV02016,C059,2023-02-27,2023-03-22,2829.95
INV02017,C064,2023-02-13,2023-02-23,6940.34
INV02018,C067,2023-02-28,2023-03-17,4849.26
INV02019,C069,2023-02-20,2023-03-05,3994.96
INV02020,C071,2023-02-01,2023-02-22,9615.06
INV02021,C091,2023-02-23,2023-03-12,1279.51
INV02022,C091,2023-02-18,2023-03-16,1919.26
INV02023,C094,2023-01-08,2023-02-06,10687.81
INV02024,C001,2023-03-13,2023-04-14,3632.44
INV02025,C002,2023-02-27,2023-03-09,4322.39
INV02026,C004,2023-02-24,2023-03-19,2747.79
INV02027,C004,2023-02-17,2023-03-23,4121.69
INV02028,C005,2023-02-12,2023-03-16,11462.63
INV02029,C006,2023-02-24,2023-03-20,10401.17
INV02030,C007,2023-01-28,2023-03-12,7717.98
INV02031,C008,2023-02-15,2023-03-09,4034.79
INV02032,C009,2023-03-06,2023-04-15,4574.58
INV02033,C009,2023-03-10,2023-04-19,6861.86
INV02034,C010,2023-02-28,2023-04-14,8059.18
INV02035,C011,2023-02-22,2023-03-24,5840.12
INV02036,C018,2023-03-05,2023-03-15,2414.43
INV02037,C018,2023-02-16,2023-03-19,3621.65
INV02038,C021,2023-02-17,2023-03-12,1443.48
INV02039,C025,2023-01-29,2023-03-11,10094.14
INV02040,C026,2023-03-05,2023-04-10,6502.01
INV02041,C028,2023-01-25,2023-03-05,4208.08
INV02042,C028,2023-03-01,2023-03-09,6312.12
INV02043,C029,2023-02-26,2023-04-09,1413.44
INV02044,C035,2023-03-18,2023-04-10,2289.44
INV02045,C036,2023-02-02,2023-03-19,3497.92
INV02046,C037,2023-03-04,2023-04-09,3488.15
INV02047,C041,2023-03-03,2023-03-19,4203.95
INV02048,C041,2023-02-15,2023-03-19,4203.95
INV02049,C042,2023-02-17,2023-03-17,1562.66
INV02050,C043,2023-01-29,2023-03-11,4547.91
INV02051,C044,2023-02-24,2023-03-16,4952.66
INV02052,C047,2023-04-01,2023-04-13,7738.39
INV02053,C048,2023-03-10,2023-04-07,4594.23
INV02054,C050,2023-02-17,2023-04-02,3432.04
INV02055,C052,2023-03-05,2023-04-15,2779.5
INV02056,C053,2023-02-18,2023-03-16,4421.56
INV02057,C061,2023-02-24,2023-03-08,6823.69
INV02058,C068,2023-02-16,2023-03-28,14431.35
INV02059,C071,2023-03-27,2023-04-07,2002.42
INV02060,C071,2023-03-04,2023-04-11,3003.64
INV02061,C072,2023-03-23,2023-04-15,7141.06
INV02062,C074,2023-03-11,2023-03-19,3149.93
INV02063,C088,2023-02-01,2023-03-15,10027.05
INV02064,C094,2023-02-15,2023-03-14,14428.63
INV02065,C098,2023-01-24,2023-03-10,3228.04
INV02066,C098,2023-02-25,2023-03-14,4842.05
INV02067,C001,2023-04-16,2023-05-04,3662.13
INV02068,C002,2023-04-29,2023-05-14,4344.72
INV02069,C003,2023-03-19,2023-05-02,2003.48
INV02070,C004,2023-04-25,2023-05-08,6530.98
INV02071,C005,2023-04-22,2023-05-10,12231.05
INV02072,C007,2023-03-15,2023-04-13,2831.66
INV02073,C007,2023-03-28,2023-04-17,4247.49
INV02074,C008,2023-03-24,2023-04-10,3890.5
INV02075,C009,2023-04-01,2023-05-13,11990.38
INV02076,C010,2023-04-10,2023-04-25,7901.94
INV02077,C011,2023-03-30,2023-05-05,1537.84
INV02078,C011,2023-04-28,2023-05-09,2306.76
INV02079,C011,2023-03-23,2023-05-05,3844.6
INV02080,C014,2023-03-23,2023-04-28,6771.99
INV02081,C015,2023-04-11,2023-05-15,6128.17
INV02082,C023,2023-03-17,2023-04-28,450.15
INV02083,C023,2023-03-25,2023-05-02,675.22
INV02084,C026,2023-04-08,2023-05-02,4877.36
INV02085,C026,2023-03-24,2023-05-02,4877.36
INV02086,C028,2023-04-27,2023-05-12,6409.59
INV02087,C029,2023-03-31,2023-04-18,1142.95
INV02088,C032,2023-04-04,2023-05-01,2517.41
INV02089,C032,2023-03-28,2023-05-05,3776.11
INV02090,C035,2023-04-18,2023-05-14,1315.87
INV02091,C035,2023-05-10,2023-05-18,1973.81
INV02092,C039,2023-05-01,2023-05-16,3338.07
INV02093,C044,2023-03-07,2023-04-13,6785.36
INV02094,C045,2023-03-30,2023-04-23,8871.43
INV02095,C047,2023-04-08,2023-04-18,7102.29
INV02096,C048,2023-03-27,2023-04-28,1606.58
INV02097,C048,2023-04-14,2023-05-02,2409.86
INV02098,C049,2023-04-01,2023-05-09,4319.32
INV02099,C050,2023-04-07,2023-04-26,5208.38
INV02100,C059,2023-03-31,2023-04-29,1020.62
INV02101,C059,2023-04-10,2023-05-03,1530.94
INV02102,C061,2023-03-31,2023-04-13,11754.08
INV02103,C066,2023-04-13,2023-04-28,586.71
INV02104,C066,2023-03-23,2023-05-02,880.06
INV02105,C068,2023-04-24,2023-05-13,1235.75
INV02106,C068,2023-05-08,2023-05-17,1853.62
INV02107,C074,2023-04-01,2023-04-23,12949.96
INV02108,C077,2023-04-01,2023-05-10,780.86
INV02109,C081,2023-03-12,2023-04-19,3350.47
INV02110,C091,2023-03-23,2023-04-16,1444.75
INV02111,C001,2023-04-25,2023-05-06,3847.77
INV02112,C002,2023-04-19,2023-05-17,4173.89
INV02113,C003,2023-05-25,2023-06-03,1975.05
INV02114,C004,2023-05-09,2023-06-01,6689.47
INV02115,C005,2023-04-05,2023-05-11,11615.98
INV02116,C006,2023-04-18,2023-05-25,10645.21
INV02117,C007,2023-05-05,2023-05-21,7318.94
INV02118,C008,2023-04-02,2023-05-10,4200.05
INV02119,C009,2023-03-31,2023-05-09,11930.46
INV02120,C010,2023-04-24,2023-06-02,8110.56
INV02121,C011,2023-04-15,2023-05-21,5010.78
INV02122,C023,2023-03-30,2023-05-02,1203.73
INV02123,C026,2023-04-19,2023-05-26,6863.68
INV02124,C028,2023-05-04,2023-06-15,8598.07
INV02125,C029,2023-05-05,2023-05-13,1907.39
INV02126,C035,2023-04-26,2023-05-18,2709.32
INV02127,C036,2023-04-23,2023-05-08,4071.72
INV02128,C037,2023-04-06,2023-05-16,3218.5
INV02129,C040,2023-05-19,2023-06-10,4450.88
INV02130,C042,2023-05-03,2023-05-28,1774.9
INV02131,C043,2023-04-14,2023-05-22,6060.07
INV02132,C044,2023-04-27,2023-06-02,5569.99
INV02133,C045,2023-04-21,2023-05-27,6347.42
INV02134,C046,2023-05-28,2023-06-15,4580.0
INV02135,C048,2023-04-28,2023-06-05,3954.81
INV02136,C052,2023-05-08,2023-05-31,8059.26
INV02137,C055,2023-05-16,2023-06-07,9761.6
INV02138,C066,2023-03-30,2023-05-03,4536.28
INV02139,C072,2023-05-03,2023-05-10,5311.25
INV02140,C078,2023-04-19,2023-05-03,840.28
INV02141,C083,2023-04-21,2023-05-29,3581.36
INV02142,C083,2023-05-21,2023-06-02,5372.03
INV02143,C088,2023-04-11,2023-05-03,6457.14
INV02144,C091,2023-05-16,2023-06-03,2067.77
INV02145,C092,2023-04-04,2023-05-13,6444.38
INV02146,C094,2023-04-02,2023-05-15,2305.43
INV02147,C096,2023-05-03,2023-06-13,5535.04
INV02148,C096,2023-05-08,2023-06-17,8302.56
INV02149,C099,2023-05-16,2023-06-04,1319.93
INV02150,C099,2023-05-02,2023-06-08,1979.9
INV02151,C001,2023-06-26,2023-07-12,3783.16
INV02152,C002,2023-05-14,2023-06-12,4194.97
INV02153,C003,2023-06-14,2023-06-29,1868.14
INV02154,C004,2023-05-27,2023-06-14,2732.44
INV02155,C004,2023-05-22,2023-06-18,4098.67
INV02156,C005,2023-05-17,2023-06-25,11777.62
INV02157,C006,2023-06-20,2023-07-01,10781.12
INV02158,C007,2023-05-02,2023-06-05,7146.36
INV02159,C008,2023-06-21,2023-07-16,1699.65
INV02160,C008,2023-06-10,2023-07-20,2549.48
INV02161,C009,2023-05-25,2023-06-04,4846.73
INV02162,C009,2023-05-03,2023-06-08,7270.09
INV02163,C010,2023-06-08,2023-06-19,7727.42
INV02164,C011,2023-06-17,2023-07-12,6313.06
INV02165,C014,2023-04-29,2023-06-07,3845.05
INV02166,C020,2023-05-28,2023-07-06,1927.88
INV02167,C022,2023-05-23,2023-07-04,4355.89
INV02168,C023,2023-05-13,2023-06-11,864.63
INV02169,C026,2023-05-28,2023-07-06,4354.95
INV02170,C028,2023-06-18,2023-06-29,2447.77
INV02171,C028,2023-05-25,2023-07-03,3671.65
INV02172,C031,2023-06-02,2023-06-15,2010.79
INV02173,C037,2023-06-12,2023-07-10,3953.14
INV02174,C040,2023-06-15,2023-07-09,3287.19
INV02175,C041,2023-05-30,2023-07-13,1219.58
INV02176,C041,2023-06-15,2023-07-17,1829.36
INV02177,C044,2023-06-20,2023-06-27,9675.54
INV02178,C046,2023-05-30,2023-07-04,4086.37
INV02179,C047,2023-05-27,2023-06-25,4794.91
INV02180,C048,2023-06-21,2023-07-02,7647.33
INV02181,C049,2023-05-04,2023-06-17,7250.25
INV02182,C050,2023-05-27,2023-07-05,5665.83
INV02183,C071,2023-05-30,2023-07-06,8642.91
INV02184,C074,2023-05-21,2023-06-07,12369.63
INV02185,C075,2023-06-15,2023-07-16,8461.97
INV02186,C077,2023-05-22,2023-06-03,444.82
INV02187,C091,2023-06-08,2023-07-08,625.12
INV02188,C091,2023-06-27,2023-07-12,937.69
INV02189,C096,2023-06-13,2023-06-24,3692.9
INV02190,C098,2023-06-17,2023-06-28,4083.58
INV02191,C099,2023-06-17,2023-07-11,1112.63
INV02192,C001,2023-07-13,2023-08-05,3714.43
INV02193,C002,2023-06-14,2023-07-09,4326.84
INV02194,C003,2023-07-22,2023-08-07,1920.36
INV02195,C004,2023-06-16,2023-07-04,7064.76
INV02196,C005,2023-07-04,2023-08-09,4607.57
INV02197,C005,2023-07-21,2023-08-13,6911.35
INV02198,C006,2023-06-25,2023-08-06,10817.22
INV02199,C007,2023-07-09,2023-07-16,7491.86
INV02200,C008,2023-06-24,2023-07-18,4238.36
INV02201,C009,2023-07-21,2023-08-04,12191.85
INV02202,C010,2023-07-03,2023-08-17,4969.25
INV02203,C011,2023-07-22,2023-08-08,8170.81
INV02204,C012,2023-07-25,2023-08-05,11734.23
INV02205,C026,2023-07-03,2023-07-18,1507.37
INV02206,C026,2023-07-06,2023-07-22,2261.05
INV02207,C028,2023-07-28,2023-08-15,10730.98
INV02208,C031,2023-07-14,2023-08-14,1964.5
INV02209,C032,2023-07-15,2023-07-22,6665.91
INV02210,C035,2023-07-21,2023-08-05,2007.13
INV02211,C037,2023-08-03,2023-08-10,1994.82
INV02212,C040,2023-06-13,2023-07-20,3454.19
INV02213,C044,2023-07-20,2023-08-03,8963.08
INV02214,C045,2023-07-10,2023-08-09,5402.35
INV02215,C046,2023-07-18,2023-07-31,1761.83
INV02216,C046,2023-07-05,2023-08-04,2642.74
INV02217,C050,2023-07-17,2023-07-30,7106.29
INV02218,C052,2023-07-28,2023-08-10,1073.26
INV02219,C052,2023-07-04,2023-08-14,1609.89
INV02220,C053,2023-08-07,2023-08-14,13213.65
INV02221,C069,2023-06-20,2023-07-26,3329.11
INV02222,C074,2023-06-12,2023-07-07,5301.95
INV02223,C090,2023-07-20,2023-07-29,13866.98
INV02224,C096,2023-07-08,2023-07-27,8658.88
INV02225,C098,2023-06-09,2023-07-11,6069.05
INV02226,C001,2023-07-13,2023-08-22,3723.83
INV02227,C002,2023-08-12,2023-08-27,4390.1
INV02228,C003,2023-07-18,2023-08-28,749.79
INV02229,C003,2023-07-20,2023-09-01,1124.69
INV02230,C004,2023-08-07,2023-08-30,2580.37
INV02231,C004,2023-08-13,2023-09-03,3870.56
INV02232,C005,2023-08-01,2023-08-18,4952.66
INV02233,C005,2023-07-30,2023-08-22,7428.99
INV02234,C007,2023-08-01,2023-08-12,7384.01
INV02235,C008,2023-07-29,2023-08-20,4058.53
INV02236,C009,2023-07-21,2023-08-02,12088.14
INV02237,C011,2023-07-23,2023-08-03,5966.75
INV02238,C015,2023-08-13,2023-09-08,6262.42
INV02239,C020,2023-08-09,2023-08-22,2185.02
INV02240,C022,2023-07-07,2023-08-10,4337.3
INV02241,C023,2023-07-20,2023-09-01,808.12
INV02242,C025,2023-07-01,2023-08-06,4140.81
INV02243,C025,2023-07-24,2023-08-10,6211.22
INV02244,C028,2023-08-20,2023-08-31,12298.56
INV02245,C029,2023-07-15,2023-08-14,1000.72
INV02246,C033,2023-08-13,2023-08-27,7935.01
INV02247,C035,2023-07-04,2023-08-11,1298.45
INV02248,C035,2023-07-31,2023-08-15,1947.67
INV02249,C036,2023-07-21,2023-08-05,3702.29
INV02250,C040,2023-07-20,2023-08-03,1757.52
INV02251,C040,2023-06-29,2023-08-07,2636.28
INV02252,C042,2023-07-13,2023-08-23,1275.3
INV02253,C043,2023-08-01,2023-08-14,7517.79
INV02254,C045,2023-08-03,2023-08-10,3511.37
INV02255,C045,2023-07-17,2023-08-14,5267.05
INV02256,C046,2023-08-19,2023-09-11,2407.29
INV02257,C047,2023-07-17,2023-08-23,1949.01
INV02258,C047,2023-08-02,2023-08-27,2923.52
INV02259,C048,2023-07-12,2023-08-12,4431.28
INV02260,C049,2023-07-31,2023-09-03,4896.39
INV02261,C050,2023-08-01,2023-08-27,7692.1
INV02262,C052,2023-08-24,2023-09-13,8971.71
INV02263,C058,2023-08-05,2023-08-31,7031.81
INV02264,C059,2023-07-15,2023-08-18,7541.35
INV02265,C064,2023-08-18,2023-09-11,2675.52
INV02266,C067,2023-07-31,2023-09-01,4172.27
INV02267,C074,2023-09-02,2023-09-09,5068.96
INV02268,C076,2023-08-04,2023-08-25,612.18
INV02269,C086,2023-08-10,2023-09-08,12322.28
INV02270,C091,2023-07-18,2023-08-19,1743.86
INV02271,C091,2023-08-01,2023-08-23,2615.8
INV02272,C098,2023-06-27,2023-08-05,6508.54
INV02273,C001,2023-08-23,2023-10-04,3941.58
INV02274,C002,2023-08-04,2023-09-13,4164.86
INV02275,C003,2023-08-09,2023-09-17,1921.7
INV02276,C004,2023-09-10,2023-10-08,6563.76
INV02277,C005,2023-10-04,2023-10-13,12122.56
INV02278,C006,2023-09-09,2023-09-17,10876.51
INV02279,C007,2023-08-18,2023-09-11,7360.33
INV02280,C008,2023-08-08,2023-09-12,1619.84
INV02281,C008,2023-08-20,2023-09-16,2429.76
INV02282,C014,2023-09-02,2023-10-12,1004.78
INV02283,C014,2023-09-16,2023-10-16,1507.17
INV02284,C022,2023-08-12,2023-09-22,4066.64
INV02285,C023,2023-08-18,2023-09-10,1019.96
INV02286,C026,2023-09-17,2023-10-16,2407.11
INV02287,C026,2023-10-03,2023-10-20,3610.66
INV02288,C032,2023-09-20,2023-09-30,8005.66
INV02289,C033,2023-08-28,2023-09-08,13659.94
INV02290,C035,2023-08-27,2023-09-15,2709.44
INV02291,C036,2023-08-30,2023-09-10,1744.91
INV02292,C036,2023-08-09,2023-09-14,2617.37
INV02293,C037,2023-08-05,2023-09-03,2470.13
INV02294,C039,2023-08-03,2023-09-03,2950.97
INV02295,C040,2023-08-25,2023-09-09,4247.09
INV02296,C043,2023-08-30,2023-10-05,4771.41
INV02297,C044,2023-09-07,2023-09-26,8262.33
INV02298,C047,2023-09-08,2023-10-13,5023.95
INV02299,C048,2023-09-13,2023-10-04,5388.99
INV02300,C049,2023-08-15,2023-09-25,6947.61
INV02301,C050,2023-09-03,2023-10-10,5469.33
INV02302,C061,2023-07-24,2023-09-07,15912.39
INV02303,C064,2023-08-12,2023-09-22,716.54
INV02304,C064,2023-08-18,2023-09-26,1074.8
INV02305,C067,2023-08-21,2023-09-26,3102.45
INV02306,C068,2023-08-15,2023-09-13,20258.98
INV02307,C069,2023-08-04,2023-09-04,680.08
INV02308,C071,2023-09-08,2023-09-22,3672.12
INV02309,C077,2023-09-09,2023-10-01,2123.71
INV02310,C079,2023-07-28,2023-09-08,4668.14
INV02311,C096,2023-08-23,2023-09-25,17454.07
INV02312,C002,2023-10-24,2023-11-12,1672.59
INV02313,C002,2023-10-24,2023-11-16,2508.89
INV02314,C003,2023-09-02,2023-10-02,1952.95
INV02315,C004,2023-10-19,2023-11-13,6705.29
INV02316,C005,2023-09-28,2023-11-07,11729.64
INV02317,C006,2023-10-03,2023-10-13,11145.62
INV02318,C007,2023-10-20,2023-11-10,7582.37
INV02319,C008,2023-09-05,2023-10-19,4214.33
INV02320,C009,2023-10-07,2023-10-30,11695.78
INV02321,C010,2023-10-16,2023-11-11,7785.66
INV02322,C012,2023-08-26,2023-10-07,10308.34
INV02323,C025,2023-09-13,2023-10-04,5788.94
INV02324,C026,2023-09-15,2023-10-03,6924.15
INV02325,C028,2023-10-23,2023-11-07,6884.96
INV02326,C029,2023-08-27,2023-10-10,970.98
INV02327,C031,2023-09-26,2023-10-20,3001.33
INV02328,C032,2023-09-06,2023-10-16,9507.97
INV02329,C035,2023-10-18,2023-11-12,2172.81
INV02330,C039,2023-10-21,2023-11-12,3310.89
INV02331,C040,2023-09-24,2023-10-31,1005.68
INV02332,C040,2023-10-10,2023-11-04,1508.52
INV02333,C042,2023-09-13,2023-10-28,1220.6
INV02334,C043,2023-08-24,2023-10-07,5674.73
INV02335,C044,2023-10-27,2023-11-11,7157.41
INV02336,C045,2023-10-19,2023-11-03,7939.53
INV02337,C047,2023-10-06,2023-11-12,6226.0
INV02338,C048,2023-10-11,2023-11-08,6343.86
INV02339,C049,2023-09-22,2023-10-10,6907.75
INV02340,C050,2023-09-24,2023-10-19,7706.98
INV02341,C058,2023-09-05,2023-10-04,13583.56
INV02342,C059,2023-11-03,2023-11-12,4124.44
INV02343,C061,2023-09-08,2023-10-23,11084.48
INV02344,C062,2023-08-29,2023-10-12,2509.9
INV02345,C062,2023-10-03,2023-10-16,3764.84
INV02346,C069,2023-09-03,2023-10-15,2153.39
INV02347,C079,2023-10-12,2023-10-30,9449.39
INV02348,C096,2023-10-14,2023-11-04,16265.84
INV02349,C097,2023-08-27,2023-10-05,4287.27
INV02350,C099,2023-10-16,2023-11-15,1849.02
INV02351,C002,2023-10-17,2023-11-20,1692.15
INV02352,C002,2023-10-21,2023-11-24,2538.22
INV02353,C003,2023-10-16,2023-11-13,1976.66
INV02354,C005,2023-11-17,2023-12-04,12222.18
INV02355,C006,2023-11-06,2023-12-10,10370.32
INV02356,C007,2023-10-16,2023-11-21,7213.49
INV02357,C008,2023-11-20,2023-12-03,4200.86
INV02358,C009,2023-11-20,2023-12-07,12043.05
INV02359,C010,2023-10-23,2023-11-30,8027.21
INV02360,C020,2023-10-09,2023-11-17,1520.58
INV02361,C020,2023-10-31,2023-11-21,2280.87
INV02362,C023,2023-11-07,2023-12-02,1219.21
INV02363,C025,2023-11-07,2023-12-07,9448.05
INV02364,C032,2023-10-04,2023-11-10,11460.23
INV02365,C033,2023-10-27,2023-11-27,8024.39
INV02366,C035,2023-11-27,2023-12-04,2752.7
INV02367,C036,2023-11-28,2023-12-05,1250.87
INV02368,C036,2023-10-29,2023-12-09,1876.3
INV02369,C037,2023-11-10,2023-12-12,1310.94
INV02370,C037,2023-11-23,2023-12-16,1966.41
INV02371,C039,2023-09-29,2023-11-03,3814.16
INV02372,C039,2023-09-23,2023-11-03,3814.16
INV02373,C040,2023-10-30,2023-11-14,1608.88
INV02374,C040,2023-10-25,2023-11-18,2413.32
INV02375,C043,2023-11-24,2023-12-04,8223.34
INV02376,C044,2023-11-15,2023-12-13,5868.79
INV02377,C045,2023-10-19,2023-11-24,2492.94
INV02378,C045,2023-10-16,2023-11-28,3739.41
INV02379,C046,2023-10-25,2023-11-21,4714.26
INV02380,C047,2023-10-05,2023-11-02,5340.44
INV02381,C049,2023-10-28,2023-11-23,5277.82
INV02382,C050,2023-10-25,2023-12-02,2567.93
INV02383,C050,2023-11-25,2023-12-06,3851.9
INV02384,C061,2023-10-20,2023-11-08,3432.33
INV02385,C061,2023-09-30,2023-11-08,3432.33
INV02386,C064,2023-11-14,2023-12-11,2925.7
INV02387,C064,2023-11-25,2023-12-15,4388.55
INV02388,C068,2023-10-08,2023-11-13,11919.77
INV02389,C086,2023-10-27,2023-11-06,16895.99
INV02390,C090,2023-11-22,2023-12-14,6013.46
INV02391,C001,2023-12-22,2024-01-13,3593.3
INV02392,C003,2023-11-01,2023-12-13,769.84
INV02393,C003,2023-11-08,2023-12-17,1154.76
INV02394,C004,2023-12-14,2023-12-24,6763.33
INV02395,C005,2023-12-10,2023-12-30,11380.52
INV02396,C006,2023-11-16,2023-12-05,10932.22
INV02397,C007,2023-12-06,2023-12-17,7311.34
INV02398,C008,2023-12-08,2023-12-19,4168.56
INV02399,C009,2023-11-20,2023-12-31,11151.0
INV02400,C010,2023-10-30,2023-12-12,8398.71
INV02401,C020,2023-12-09,2024-01-10,938.76
INV02402,C020,2023-12-08,2024-01-14,1408.15
INV02403,C022,2023-12-12,2023-12-20,2189.34
INV02404,C023,2023-12-18,2023-12-26,1180.91
INV02405,C029,2023-11-04,2023-12-17,651.04
INV02406,C029,2023-11-13,2023-12-21,976.56
INV02407,C031,2023-12-24,2024-01-05,3267.62
INV02408,C033,2023-11-26,2023-12-16,8000.98
INV02409,C035,2023-11-21,2023-12-30,2379.21
INV02410,C037,2023-12-01,2023-12-15,3075.12
INV02411,C042,2023-11-06,2023-12-15,1224.34
INV02412,C044,2023-12-09,2023-12-25,7560.05
INV02413,C045,2023-11-27,2024-01-10,1958.8
INV02414,C045,2023-11-30,2024-01-14,2938.2
INV02415,C046,2023-12-13,2024-01-11,3801.48
INV02416,C047,2023-12-06,2023-12-22,8819.32
INV02417,C049,2023-11-26,2023-12-16,5836.44
INV02418,C050,2023-11-15,2023-12-27,4353.24
INV02419,C053,2023-12-07,2024-01-13,4806.81
INV02420,C059,2023-12-05,2023-12-30,7740.87
INV02421,C067,2023-12-20,2024-01-10,2375.24
INV02422,C067,2024-01-06,2024-01-14,3562.86
INV02423,C069,2023-12-16,2023-12-30,1414.74
INV02424,C074,2023-12-03,2024-01-06,6515.23
INV02425,C074,2024-01-03,2024-01-10,9772.85
INV02426,C086,2023-12-01,2023-12-10,4473.42
INV02427,C092,2023-12-08,2024-01-05,6431.73
INV02428,C001,2024-01-09,2024-02-14,3783.97
INV02429,C002,2024-01-16,2024-02-14,4301.25
INV02430,C003,2023-12-19,2024-01-14,1947.84
INV02431,C004,2024-01-24,2024-02-07,2577.74
INV02432,C004,2024-01-26,2024-02-11,3866.61
INV02433,C005,2023-12-25,2024-01-22,11579.68
INV02434,C006,2023-12-16,2024-01-10,10693.96
INV02435,C007,2023-12-08,2024-01-17,7676.96
INV02436,C008,2023-12-20,2024-01-07,3890.39
INV02437,C009,2023-12-23,2024-01-02,11103.85
INV02438,C010,2024-01-18,2024-02-09,8188.08
INV02439,C011,2023-12-08,2024-01-13,7567.46
INV02440,C025,2023-12-08,2024-01-14,1848.9
INV02441,C025,2023-12-20,2024-01-18,2773.34
INV02442,C026,2024-01-25,2024-02-01,2515.6
INV02443,C026,2024-01-29,2024-02-05,3773.41
INV02444,C029,2023-12-19,2024-01-31,719.95
INV02445,C029,2024-01-06,2024-02-04,1079.93
INV02446,C033,2024-01-11,2024-02-05,4552.79
INV02447,C033,2024-01-04,2024-02-09,6829.18
INV02448,C036,2023-12-28,2024-01-20,3915.86
INV02449,C042,2023-12-16,2024-01-18,1316.24
INV02450,C045,2023-12-12,2024-01-24,8804.56
INV02451,C050,2023-11-23,2024-01-03,5293.81
INV02452,C058,2023-12-09,2024-01-04,11486.96
INV02453,C058,2023-12-10,2024-01-04,11486.96
INV02454,C061,2024-01-06,2024-01-31,12380.91
INV02455,C064,2023-12-11,2024-01-21,3822.26
INV02456,C064,2024-01-16,2024-01-25,5733.4
INV02457,C072,2023-11-29,2024-01-08,9985.51
INV02458,C075,2024-01-05,2024-01-24,1674.64
INV02459,C075,2024-01-02,2024-01-28,2511.96
INV02460,C076,2023-12-14,2024-01-13,1285.72
INV02461,C077,2023-12-24,2024-01-23,442.51
INV02462,C079,2023-12-26,2024-01-02,6170.87
INV02463,C081,2023-12-16,2024-01-25,4039.94
INV02464,C092,2023-12-02,2024-01-07,1440.56
INV02465,C092,2023-12-05,2024-01-11,2160.84
INV02466,C093,2024-01-06,2024-01-28,184.56
INV02467,C001,2024-01-14,2024-02-26,3924.79
INV02468,C002,2024-02-01,2024-02-26,4181.8
INV02469,C004,2024-02-07,2024-03-09,6760.89
INV02470,C006,2024-01-17,2024-02-07,4308.66
INV02471,C006,2024-01-13,2024-02-11,6462.99
INV02472,C007,2024-01-20,2024-03-02,7693.99
INV02473,C008,2024-02-18,2024-03-17,4202.82
INV02474,C009,2024-03-01,2024-03-11,11308.22
INV02475,C010,2024-01-12,2024-02-24,8057.67
INV02476,C012,2024-02-23,2024-03-06,5476.35
INV02477,C026,2024-02-15,2024-03-09,7309.37
INV02478,C028,2024-02-21,2024-03-06,2413.3
INV02479,C028,2024-03-01,2024-03-10,3619.95
INV02480,C031,2024-01-09,2024-02-07,2753.09
INV02481,C033,2024-02-01,2024-03-05,13571.53
INV02482,C035,2024-02-25,2024-03-11,940.96
INV02483,C035,2024-02-14,2024-03-15,1411.44
INV02484,C039,2024-01-25,2024-02-12,3560.53
INV02485,C042,2024-02-08,2024-02-28,995.91
INV02486,C044,2024-02-08,2024-02-24,9082.01
INV02487,C045,2024-01-05,2024-02-15,5568.88
INV02488,C046,2024-02-10,2024-03-07,3288.23
INV02489,C047,2024-01-28,2024-02-15,6030.22
INV02490,C048,2024-01-28,2024-02-23,6080.41
INV02491,C049,2024-01-23,2024-02-05,7031.25
INV02492,C050,2024-02-07,2024-02-24,3816.56
INV02493,C061,2024-01-27,2024-02-28,4164.73
INV02494,C066,2024-01-28,2024-03-12,3103.7
INV02495,C066,2024-03-07,2024-03-16,4655.55
INV02496,C069,2024-01-28,2024-03-07,1379.12
INV02497,C075,2024-02-20,2024-03-14,8091.6
INV02498,C090,2024-01-12,2024-02-25,16806.93
INV02499,C091,2024-01-17,2024-02-27,3906.57
INV02500,C092,2024-01-21,2024-02-22,2427.62
INV02501,C093,2024-01-20,2024-02-06,159.72
INV02502,C001,2024-04-05,2024-04-13,3687.27
INV02503,C002,2024-02-23,2024-03-22,4382.74
INV02504,C003,2024-02-17,2024-03-09,803.78
INV02505,C003,2024-01-29,2024-03-13,1205.68
INV02506,C004,2024-03-24,2024-04-08,6468.62
INV02507,C005,2024-02-15,2024-03-02,4557.39
INV02508,C005,2024-02-25,2024-03-06,6836.09
INV02509,C006,2024-03-09,2024-03-28,10844.5
INV02510,C007,2024-03-04,2024-03-22,7449.79
INV02511,C008,2024-02-22,2024-03-08,1574.2
INV02512,C008,2024-02-29,2024-03-12,2361.3
INV02513,C009,2024-03-25,2024-04-10,11703.83
INV02514,C010,2024-03-04,2024-03-15,8349.79
INV02515,C011,2024-02-25,2024-03-04,2978.44
INV02516,C011,2024-02-16,2024-03-08,4467.66
INV02517,C020,2024-02-05,2024-03-03,786.24
INV02518,C020,2024-02-27,2024-03-07,1179.36
INV02519,C023,2024-03-16,2024-03-28,654.67
INV02520,C025,2024-03-10,2024-03-31,6735.36
INV02521,C026,2024-02-12,2024-03-14,3573.95
INV02522,C031,2024-03-25,2024-04-13,3437.92
INV02523,C035,2024-02-16,2024-03-26,764.71
INV02524,C035,2024-03-07,2024-03-30,1147.06
INV02525,C036,2024-03-24,2024-04-11,2694.13
INV02526,C037,2024-02-02,2024-03-17,3286.81
INV02527,C039,2024-02-26,2024-03-19,2725.14
INV02528,C040,2024-01-24,2024-03-03,1944.38
INV02529,C040,2024-02-24,2024-03-07,2916.56
INV02530,C042,2024-03-03,2024-04-01,953.49
INV02531,C044,2024-02-02,2024-03-14,6915.02
INV02532,C045,2024-02-27,2024-03-18,8927.85
INV02533,C046,2024-03-29,2024-04-11,3633.0
INV02534,C047,2024-03-03,2024-03-19,5877.42
INV02535,C048,2024-04-05,2024-04-12,5479.24
INV02536,C053,2024-02-15,2024-03-19,12217.69
INV02537,C055,2024-01-29,2024-03-02,11814.33
INV02538,C064,2024-03-20,2024-04-09,10670.31
INV02539,C066,2024-02-21,2024-03-11,5691.03
INV02540,C068,2024-02-25,2024-03-29,17763.25
INV02541,C077,2024-02-29,2024-03-30,1346.42
INV02542,C077,2024-02-21,2024-03-30,1346.42
INV02543,C083,2024-02-29,2024-03-15,9374.15
INV02544,C083,2024-02-13,2024-03-15,9374.15
INV02545,C098,2024-02-05,2024-03-02,3952.01
INV02546,C001,2024-04-05,2024-04-27,1496.62
INV02547,C001,2024-04-03,2024-05-01,2244.94
INV02548,C003,2024-03-28,2024-05-09,2001.19
INV02549,C004,2024-04-04,2024-04-28,7067.29
INV02550,C005,2024-03-29,2024-05-01,11480.96
INV02551,C006,2024-03-21,2024-05-01,10395.39
INV02552,C007,2024-04-30,2024-05-11,2966.53
INV02553,C007,2024-04-09,2024-05-15,4449.79
INV02554,C008,2024-03-16,2024-04-25,1552.34
INV02555,C008,2024-04-09,2024-04-29,2328.5
INV02556,C009,2024-03-23,2024-05-01,4474.6
INV02557,C009,2024-03-27,2024-05-05,6711.9
INV02558,C010,2024-03-12,2024-04-04,3234.57
INV02559,C010,2024-02-25,2024-04-08,4851.86
INV02560,C020,2024-03-06,2024-04-02,4175.14
INV02561,C022,2024-03-14,2024-04-11,2113.59
INV02562,C023,2024-04-08,2024-05-05,395.96
INV02563,C023,2024-04-15,2024-05-09,593.94
INV02564,C026,2024-02-19,2024-04-03,1864.62
INV02565,C026,2024-03-19,2024-04-07,2796.94
INV02566,C032,2024-04-11,2024-05-08,9219.8
INV02567,C033,2024-04-06,2024-04-15,8582.02
INV02568,C036,2024-04-09,2024-04-28,4002.74
INV02569,C042,2024-04-16,2024-05-02,416.99
INV02570,C042,2024-04-17,2024-05-06,625.49
INV02571,C043,2024-03-15,2024-04-07,4342.25
INV02572,C044,2024-04-14,2024-05-09,9096.21
INV02573,C046,2024-03-30,2024-04-09,1616.84
INV02574,C047,2024-04-02,2024-04-26,2921.2
INV02575,C047,2024-04-12,2024-04-30,4381.8
INV02576,C049,2024-03-14,2024-04-22,4526.41
INV02577,C050,2024-04-09,2024-04-20,5811.52
INV02578,C061,2024-03-04,2024-04-05,7337.46
INV02579,C066,2024-04-15,2024-05-05,4062.05
INV02580,C075,2024-04-03,2024-05-06,7893.58
INV02581,C079,2024-03-17,2024-04-20,2064.55
INV02582,C079,2024-03-21,2024-04-24,3096.83
INV02583,C086,2024-03-20,2024-04-21,3382.94
INV02584,C090,2024-03-23,2024-04-13,934.08
INV02585,C090,2024-04-04,2024-04-17,1401.12
INV02586,C001,2024-05-13,2024-05-27,1501.44
INV02587,C001,2024-05-08,2024-05-31,2252.16
INV02588,C002,2024-04-03,2024-05-10,4212.63
INV02589,C003,2024-03-21,2024-05-03,1826.59
INV02590,C004,2024-04-09,2024-05-19,6507.74
INV02591,C005,2024-05-09,2024-05-19,11908.02
INV02592,C006,2024-05-07,2024-06-05,10885.15
INV02593,C007,2024-04-08,2024-05-11,2917.62
INV02594,C008,2024-05-14,2024-06-01,4066.78
INV02595,C009,2024-05-23,2024-06-08,12115.43
INV02596,C010,2024-06-06,2024-06-14,3234.58
INV02597,C010,2024-05-18,2024-06-18,4851.87
INV02598,C022,2024-05-08,2024-05-28,4721.61
INV02599,C025,2024-04-15,2024-05-08,3730.49
INV02600,C025,2024-04-27,2024-05-12,5595.74
INV02601,C033,2024-05-02,2024-05-24,11444.75
INV02602,C036,2024-05-05,2024-05-19,2288.22
INV02603,C044,2024-04-22,2024-05-23,5052.0
INV02604,C047,2024-05-27,2024-06-07,4596.86
INV02605,C049,2024-04-21,2024-05-05,5589.59
INV02606,C053,2024-04-18,2024-05-12,4673.81
INV02607,C053,2024-04-06,2024-05-16,7010.71
INV02608,C055,2024-05-02,2024-05-13,4975.95
INV02609,C055,2024-04-06,2024-05-17,7463.93
INV02610,C058,2024-05-07,2024-06-08,18530.25
INV02611,C059,2024-04-12,2024-05-18,3236.3
INV02612,C061,2024-04-26,2024-05-12,5225.63
INV02613,C061,2024-04-27,2024-05-16,7838.45
INV02614,C064,2024-04-27,2024-06-11,8684.97
INV02615,C066,2024-04-29,2024-06-03,1909.49
INV02616,C072,2024-05-07,2024-05-23,6685.27
INV02617,C079,2024-04-22,2024-05-13,3968.33
INV02618,C097,2024-05-06,2024-05-27,4353.91
INV02619,C001,2024-05-14,2024-06-02,3669.21
INV02620,C002,2024-06-12,2024-07-13,1772.32
INV02621,C002,2024-06-08,2024-07-17,2658.47
INV02622,C003,2024-06-04,2024-06-29,2006.63
INV02623,C005,2024-06-10,2024-07-08,12224.45
INV02624,C006,2024-06-07,2024-06-24,10306.16
INV02625,C007,2024-06-09,2024-07-09,7452.77
INV02626,C008,2024-05-24,2024-06-26,1540.05
INV02627,C008,2024-06-17,2024-06-30,2310.07
INV02628,C009,2024-05-23,2024-07-01,11240.43
INV02629,C010,2024-06-26,2024-07-12,8360.91
INV02630,C011,2024-06-04,2024-06-29,5202.38
INV02631,C020,2024-05-20,2024-06-07,3091.32
INV02632,C023,2024-06-13,2024-07-12,827.61
INV02633,C025,2024-07-01,2024-07-09,8561.37
INV02634,C026,2024-05-26,2024-06-28,2688.66
INV02635,C031,2024-06-05,2024-06-30,2605.15
INV02636,C033,2024-06-08,2024-07-08,6693.32
INV02637,C035,2024-05-13,2024-06-20,2829.13
INV02638,C037,2024-06-18,2024-07-13,1005.24
INV02639,C037,2024-06-19,2024-07-17,1507.87
INV02640,C042,2024-06-29,2024-07-10,647.24
INV02641,C042,2024-07-03,2024-07-14,970.86
INV02642,C044,2024-05-30,2024-06-20,4438.45
INV02643,C045,2024-05-16,2024-06-22,3132.08
INV02644,C045,2024-06-05,2024-06-26,4698.13
INV02645,C046,2024-06-15,2024-07-16,934.75
INV02646,C046,2024-06-24,2024-07-20,1402.12
INV02647,C048,2024-05-26,2024-06-19,7622.58
INV02648,C049,2024-06-11,2024-07-08,6318.8
INV02649,C050,2024-06-09,2024-06-30,6971.03
INV02650,C083,2024-05-29,2024-06-28,8349.47
INV02651,C091,2024-06-01,2024-07-09,4622.89
INV02652,C092,2024-05-30,2024-06-14,3169.31
INV02653,C096,2024-06-07,2024-07-13,2557.39
INV02654,C097,2024-07-01,2024-07-08,6707.44
INV02655,C099,2024-05-16,2024-06-09,4134.16
INV02656,C001,2024-07-10,2024-07-31,3960.82
INV02657,C002,2024-06-27,2024-07-27,1780.64
INV02658,C002,2024-06-20,2024-07-31,2670.97
INV02659,C003,2024-07-02,2024-07-30,776.51
INV02660,C003,2024-06-25,2024-08-03,1164.76
INV02661,C004,2024-06-30,2024-07-10,6526.12
INV02662,C005,2024-08-07,2024-08-15,11958.74
INV02663,C006,2024-07-12,2024-07-28,4352.82
INV02664,C006,2024-07-23,2024-08-01,6529.23
INV02665,C007,2024-07-12,2024-07-26,7603.01
INV02666,C009,2024-06-29,2024-08-09,11530.21
INV02667,C010,2024-06-27,2024-07-19,8143.4
INV02668,C011,2024-07-25,2024-08-02,8344.89
INV02669,C020,2024-06-16,2024-07-29,3934.81
INV02670,C022,2024-06-13,2024-07-06,2236.63
INV02671,C025,2024-05-23,2024-07-07,9553.19
INV02672,C026,2024-07-03,2024-07-19,1458.76
INV02673,C026,2024-06-18,2024-07-23,2188.14
INV02674,C029,2024-06-10,2024-07-13,1327.54
INV02675,C032,2024-07-12,2024-07-26,5919.67
INV02676,C033,2024-06-29,2024-08-09,6452.48
INV02677,C037,2024-06-17,2024-07-07,767.91
INV02678,C037,2024-05-27,2024-07-11,1151.86
INV02679,C040,2024-07-11,2024-08-07,3975.77
INV02680,C042,2024-06-25,2024-08-03,637.07
INV02681,C042,2024-07-27,2024-08-07,955.61
INV02682,C044,2024-07-07,2024-08-06,4416.45
INV02683,C046,2024-06-11,2024-07-20,4826.25
INV02684,C048,2024-06-20,2024-07-08,4590.66
INV02685,C055,2024-08-08,2024-08-15,1724.86
INV02686,C055,2024-07-12,2024-08-19,2587.28
INV02687,C059,2024-07-04,2024-08-09,666.31
INV02688,C075,2024-07-13,2024-07-27,2786.74
INV02689,C086,2024-06-29,2024-08-12,6260.27
INV02690,C086,2024-08-06,2024-08-16,9390.4
INV02691,C086,2024-07-18,2024-08-12,15650.66
INV02692,C092,2024-07-16,2024-07-30,2388.12
INV02693,C096,2024-08-03,2024-08-12,8846.86
INV02694,C001,2024-07-13,2024-08-22,3885.53
INV02695,C002,2024-07-26,2024-08-23,4379.74
INV02696,C003,2024-08-11,2024-09-12,1950.12
INV02697,C004,2024-07-29,2024-08-10,6954.31
INV02698,C005,2024-06-27,2024-08-08,11668.27
INV02699,C006,2024-08-10,2024-09-06,10201.02
INV02700,C007,2024-08-02,2024-08-25,7326.44
INV02701,C008,2024-08-10,2024-08-20,3914.27
INV02702,C009,2024-07-29,2024-09-07,11200.6
INV02703,C010,2024-07-04,2024-08-04,8018.07
INV02704,C011,2024-07-09,2024-08-08,6985.99
INV02705,C022,2024-07-30,2024-09-07,4103.64
INV02706,C023,2024-07-06,2024-08-17,1149.67
INV02707,C025,2024-07-26,2024-09-07,9011.83
INV02708,C033,2024-08-13,2024-09-02,7843.14
INV02709,C035,2024-09-03,2024-09-10,2784.52
INV02710,C036,2024-08-13,2024-08-28,967.63
INV02711,C036,2024-08-04,2024-09-01,1451.45
INV02712,C037,2024-08-14,2024-09-02,1883.74
INV02713,C043,2024-07-20,2024-09-01,8174.34
INV02714,C046,2024-07-11,2024-08-19,3101.05
INV02715,C049,2024-07-06,2024-08-11,4546.89
INV02716,C050,2024-07-30,2024-08-15,2714.49
INV02717,C050,2024-07-11,2024-08-19,4071.73
INV02718,C053,2024-08-03,2024-09-06,9804.29
INV02719,C058,2024-07-15,2024-08-03,1662.18
INV02720,C058,2024-07-09,2024-08-07,2493.27
INV02721,C061,2024-07-19,2024-08-15,12049.32
INV02722,C062,2024-08-14,2024-08-21,11542.81
INV02723,C066,2024-07-31,2024-08-28,1261.36
INV02724,C067,2024-08-08,2024-08-24,4460.6
INV02725,C068,2024-06-25,2024-08-03,9186.95
INV02726,C076,2024-07-06,2024-08-10,1030.72
INV02727,C077,2024-08-08,2024-08-25,842.92
INV02728,C077,2024-07-15,2024-08-29,1264.38
INV02729,C099,2024-07-25,2024-08-21,1670.39
INV02730,C001,2024-09-29,2024-10-13,1436.9
INV02731,C001,2024-09-15,2024-10-17,2155.36
INV02732,C002,2024-09-16,2024-09-30,1643.4
INV02733,C002,2024-09-23,2024-10-04,2465.1
INV02734,C003,2024-08-21,2024-09-04,789.38
INV02735,C003,2024-08-29,2024-09-08,1184.08
INV02736,C006,2024-08-03,2024-09-05,11113.57
INV02737,C007,2024-09-04,2024-09-22,4384.04
INV02738,C008,2024-08-10,2024-09-05,4181.15
INV02739,C009,2024-09-08,2024-10-11,11517.55
INV02740,C010,2024-07-28,2024-09-10,7839.8
INV02741,C011,2024-07-31,2024-09-05,7927.15
INV02742,C020,2024-08-25,2024-09-11,3396.86
INV02743,C026,2024-08-01,2024-09-14,3383.33
INV02744,C029,2024-09-06,2024-10-14,1842.2
INV02745,C032,2024-09-14,2024-10-11,5896.88
INV02746,C033,2024-09-07,2024-10-14,8765.95
INV02747,C035,2024-09-15,2024-09-29,2359.92
INV02748,C037,2024-09-02,2024-09-09,3235.36
INV02749,C040,2024-08-13,2024-09-13,2354.06
INV02750,C042,2024-08-23,2024-09-08,1464.85
INV02751,C043,2024-09-19,2024-10-03,8464.16
INV02752,C045,2024-09-04,2024-10-13,1702.01
INV02753,C045,2024-09-14,2024-10-17,2553.02
INV02754,C047,2024-08-06,2024-09-05,4968.75
INV02755,C048,2024-09-10,2024-09-30,1825.17
INV02756,C048,2024-09-08,2024-10-04,2737.75
INV02757,C050,2024-09-13,2024-09-24,5938.24
INV02758,C059,2024-07-30,2024-09-02,5256.29
INV02759,C074,2024-09-17,2024-10-07,9291.42
INV02760,C076,2024-09-05,2024-10-07,570.13
INV02761,C083,2024-08-18,2024-09-03,12811.52
INV02762,C086,2024-09-29,2024-10-09,2344.3
INV02763,C091,2024-08-30,2024-09-15,3534.72
INV02764,C099,2024-08-27,2024-09-04,4998.52
INV02765,C001,2024-10-14,2024-11-10,3748.96
INV02766,C002,2024-09-23,2024-10-21,4143.08
INV02767,C003,2024-09-28,2024-11-09,2003.94
INV02768,C004,2024-09-11,2024-10-24,6603.18
INV02769,C005,2024-10-21,2024-11-07,12322.5
INV02770,C007,2024-09-05,2024-10-10,3046.1
INV02771,C007,2024-08-30,2024-10-14,4569.14
INV02772,C008,2024-10-03,2024-10-16,3937.24
INV02773,C009,2024-10-11,2024-10-27,11745.62
INV02774,C010,2024-10-08,2024-10-29,3116.58
INV02775,C010,2024-10-10,2024-11-02,4674.87
INV02776,C011,2024-08-29,2024-10-13,5831.13
INV02777,C020,2024-09-27,2024-10-12,3313.82
INV02778,C022,2024-10-11,2024-11-14,2808.3
INV02779,C025,2024-09-27,2024-10-15,6150.65
INV02780,C033,2024-10-17,2024-10-29,7842.03
INV02781,C035,2024-10-21,2024-11-07,2365.34
INV02782,C036,2024-10-09,2024-10-18,2245.99
INV02783,C044,2024-10-05,2024-11-07,5670.03
INV02784,C045,2024-10-07,2024-10-21,4130.67
INV02785,C048,2024-08-27,2024-10-09,5569.44
INV02786,C049,2024-09-12,2024-10-07,3615.48
INV02787,C069,2024-09-16,2024-10-17,856.21
INV02788,C069,2024-10-10,2024-10-21,1284.32
INV02789,C074,2024-09-12,2024-10-04,11497.31
INV02790,C076,2024-09-11,2024-10-22,1255.71
INV02791,C086,2024-09-06,2024-10-12,14305.27
INV02792,C090,2024-09-17,2024-10-27,5128.74
INV02793,C099,2024-10-15,2024-11-06,1715.38
INV02794,C001,2024-10-27,2024-12-08,3820.76
INV02795,C002,2024-11-07,2024-11-14,4081.98
INV02796,C003,2024-11-19,2024-12-07,1850.24
INV02797,C005,2024-10-22,2024-11-11,12310.64
INV02798,C006,2024-11-29,2024-12-14,11122.22
INV02799,C006,2024-11-20,2024-12-14,11122.22
INV02800,C007,2024-11-18,2024-12-02,7482.31
INV02801,C008,2024-10-08,2024-11-09,1696.55
INV02802,C008,2024-10-03,2024-11-13,2544.83
INV02803,C010,2024-11-07,2024-12-09,8460.45
INV02804,C011,2024-10-31,2024-12-09,8257.14
INV02805,C022,2024-11-05,2024-11-25,4193.34
INV02806,C025,2024-11-03,2024-11-13,10122.87
INV02807,C026,2024-10-21,2024-11-04,5534.1
INV02808,C029,2024-11-25,2024-12-09,1163.17
INV02809,C031,2024-11-21,2024-11-30,3517.2
INV02810,C032,2024-11-15,2024-12-06,8308.23
INV02811,C033,2024-10-26,2024-12-08,7420.57
INV02812,C035,2024-10-05,2024-11-02,742.25
INV02813,C035,2024-10-21,2024-11-06,1113.38
INV02814,C040,2024-10-29,2024-12-13,4083.73
INV02815,C042,2024-10-25,2024-11-04,1752.03
INV02816,C043,2024-10-24,2024-11-14,8156.25
INV02817,C045,2024-11-07,2024-11-28,5907.61
INV02818,C048,2024-10-25,2024-11-02,7393.51
INV02819,C049,2024-11-24,2024-12-02,2427.93
INV02820,C049,2024-11-26,2024-12-06,3641.9
INV02821,C052,2024-10-19,2024-11-21,2413.94
INV02822,C055,2024-11-16,2024-12-15,4219.33
INV02823,C062,2024-10-21,2024-11-03,6226.03
INV02824,C069,2024-11-25,2024-12-09,4182.71
INV02825,C074,2024-11-08,2024-12-08,6365.02
INV02826,C076,2024-11-04,2024-11-15,457.13
INV02827,C090,2024-11-07,2024-12-11,3953.53
INV02828,C091,2024-10-31,2024-11-13,5509.27
INV02829,C001,2024-11-14,2024-12-20,3780.45
INV02830,C002,2024-10-28,2024-12-10,4327.32
INV02831,C003,2024-12-12,2025-01-02,1877.3
INV02832,C004,2024-11-15,2024-12-07,6679.32
INV02833,C005,2024-12-25,2025-01-01,12076.92
INV02834,C006,2024-12-06,2025-01-03,10832.61
INV02835,C007,2024-11-30,2024-12-22,7418.13
INV02836,C008,2024-12-19,2025-01-01,4184.69
INV02837,C009,2024-12-02,2025-01-11,11736.14
INV02838,C010,2024-12-26,2025-01-12,3166.01
INV02839,C010,2024-12-08,2025-01-16,4749.02
INV02840,C011,2024-11-30,2024-12-16,5818.11
INV02841,C020,2024-12-14,2025-01-10,3780.3
INV02842,C022,2024-12-28,2025-01-09,3287.21
INV02843,C023,2024-12-03,2025-01-03,641.56
INV02844,C025,2025-01-01,2025-01-12,4673.9
INV02845,C026,2024-11-17,2024-12-02,3382.56
INV02846,C033,2024-12-20,2025-01-11,3967.97
INV02847,C033,2024-12-21,2025-01-15,5951.96
INV02848,C035,2024-12-05,2024-12-18,2227.23
INV02849,C036,2024-12-24,2025-01-13,1078.08
INV02850,C036,2024-12-18,2025-01-17,1617.12
INV02851,C040,2024-11-23,2024-12-09,4636.22
INV02852,C044,2024-11-06,2024-12-04,8258.02
INV02853,C047,2024-10-29,2024-12-11,9507.45
INV02854,C050,2025-01-07,2025-01-15,5122.9
INV02855,C053,2024-11-22,2024-12-25,7655.17
INV02856,C062,2024-12-01,2024-12-20,5855.65
INV02857,C064,2024-12-01,2025-01-14,2881.83
INV02858,C064,2024-12-03,2025-01-14,2881.83
INV02859,C066,2024-11-14,2024-12-03,8546.5
INV02860,C091,2024-12-04,2025-01-07,1619.82
INV02861,C096,2024-10-31,2024-12-09,8444.93
INV02862,C099,2024-12-16,2024-12-24,3587.63
