date,client_id,amount,type,category
2020-01-01,SELF,1200.0,expense,Rent
2020-01-16,SELF,4279.0,expense,Operations
2020-01-13,C001,3906.79,income,Service
2020-02-03,C002,1780.07,income,Partial
2020-02-07,C002,2670.11,income,Partial
2020-01-16,C003,1953.89,income,Service
2020-01-18,C004,6656.77,income,UNKNOWN_ERROR
2020-02-11,C005,11412.65,income,Service
2020-01-05,C006,10896.81,income,Service
2020-01-02,C007,7465.23,income,Service
2020-01-24,C008,4005.14,income,Service
2020-01-05,C009,12197.02,income,Service
2020-01-26,,3068.62,income,Partial
2020-01-30,C010,4602.93,income,Partial
2020-01-11,C011,7405.44,income,Service
2020-02-10,,2949.19,income,Partial
2020-02-14,C012,4423.79,income,UNKNOWN_ERROR
2020-02-13,C013,5391.34,income,Service
2020-01-29,C014,5142.33,income,Service
2020-01-24,C016,11537.14,income,Service
2020-01-22,C018,8861.62,income,Service
2020-02-13,C020,2995.36,income,Service
2020-01-26,C021,2378.68,income,Service
2020-01-22,C024,11794.39,income,UNKNOWN_ERROR
2020-01-15,C028,2375.82,income,Partial
2020-01-19,C028,3563.74,income,Partial
2020-02-09,C029,940.01,income,Service
2020-02-13,C032,9348.11,income,Service
2020-02-13,C034,7995.12,income,Service
2020-02-13,C034,7995.12,income,Service
2020-01-10,C037,3619.89,income,Service
2020-01-10,C037,3619.89,income,Service
2020-01-13,C039,5670.63,income,Service
2020-02-04,C040,1195.87,income,Partial
2020-02-08,C040,1793.8,income,Partial
2020-02-09,C043,8429.94,income,Service
2020-01-15,C045,3359.6,income,Partial
2020-01-19,C045,5039.4,income,Partial
2020-01-18,C047,7786.53,income,Service
2020-01-10,C048,6955.33,income,Service
2020-01-16,C049,5838.43,income,Service
2020-01-27,C050,6007.4,income,Service
2020-01-02,C052,1097.06,income,Partial
2020-01-06,C052,1645.58,income,Partial
2020-01-09,C053,3334.37,income,Service
2020-02-10,C056,3495.78,income,Service
2020-01-23,C057,7607.6,income,Service
2020-01-10,C060,3122.15,income,Service
2020-02-09,C074,10576.17,income,Service
2020-01-22,,18018.46,income,Service
2020-01-23,,1095.52,income,Service
2020-01-23,C078,1277.22,income,Service
2020-01-15,C087,8142.37,income,UNKNOWN_ERROR
2020-01-09,C092,2065.71,income,Partial
2020-01-13,C092,3098.56,income,Partial
2020-01-09,C092,5164.26,income,Service
2020-01-10,C093,125.08,income,Partial
2020-01-14,C093,187.62,income,Partial
2020-02-15,C094,10815.79,income,Service
2020-01-28,C097,11290.32,income,Service
2020-01-24,C099,795.14,income,Service
2020-01-21,C100,749.77,income,Service
2020-02-01,SELF,1200.0,expense,Rent
2020-02-09,SELF,4322.0,expense,Operations
2020-02-13,SELF,7599.0,expense,Contractor
2020-02-22,SELF,7820.0,expense,Taxes
2020-02-15,C001,1545.1,income,Partial
2020-02-19,C001,2317.65,income,Partial
2020-03-02,C002,4270.55,income,Service
2020-02-16,C003,1851.96,income,Service
2020-03-08,C004,2698.92,income,UNKNOWN_ERROR
2020-03-12,C004,4048.38,income,Partial
2020-02-04,C005,11738.38,income,Service
2020-02-25,C006,11191.85,income,Service
2020-03-17,C007,7697.58,income,Service
2020-02-25,C008,4064.69,income,Service
2020-02-13,C009,11693.53,income,Service
2020-02-18,,8429.17,income,Service
2020-02-03,C011,7030.58,income,Service
2020-03-06,C014,6334.17,income,UNKNOWN_ERROR
2020-02-12,C015,9760.89,income,Service
2020-03-02,C016,8992.28,income,Service
2020-03-13,C017,6674.65,income,Service
2020-02-27,C018,8433.84,income,Service
2020-03-05,C019,1815.26,income,Service
2020-03-05,C019,1815.26,income,Service
2020-02-23,C021,4712.29,income,UNKNOWN_ERROR
2020-02-17,C025,3495.32,income,Partial
2020-02-21,C025,5242.98,income,Partial
2020-02-05,C026,6577.41,income,Service
2020-02-18,C027,6406.97,income,UNKNOWN_ERROR
2020-03-14,C030,4472.88,income,Service
2020-03-09,C032,2986.72,income,Partial
2020-03-13,C032,4480.07,income,Partial
2020-03-02,C034,8262.35,income,Service
2020-03-12,C035,2374.56,income,Service
2020-02-24,C038,5681.38,income,UNKNOWN_ERROR
2020-02-05,C039,5585.1,income,Service
2020-03-07,C041,2803.01,income,Partial
2020-03-11,C041,4204.52,income,Partial
2020-02-14,C042,905.76,income,UNKNOWN_ERROR
2020-02-05,C043,9123.03,income,Service
2020-03-11,C044,9827.56,income,Service
2020-02-18,C045,2581.25,income,Partial
2020-02-22,C045,3871.87,income,UNKNOWN_ERROR
2020-02-03,C047,7849.08,income,Service
2020-02-15,C048,6939.42,income,UNKNOWN_ERROR
2020-03-11,C059,1764.48,income,Service
2020-02-25,C065,8823.24,income,Service
2020-02-12,C070,4446.33,income,Service
2020-03-03,C073,2310.82,income,UNKNOWN_ERROR
2020-02-10,C078,631.64,income,Partial
2020-02-14,C078,947.47,income,Partial
2020-02-23,C080,7123.6,income,Service
2020-03-10,C082,10222.63,income,Service
2020-02-21,,14323.39,income,UNKNOWN_ERROR
2020-02-24,C084,2970.79,income,Service
2020-02-18,C085,10684.85,income,Service
2020-03-13,C087,5272.54,income,Service
2020-02-29,C092,6656.31,income,Service
2020-02-16,C094,13940.06,income,Service
2020-02-23,C095,19710.43,income,Service
2020-02-14,C098,1455.3,income,Partial
2020-02-18,C098,2182.96,income,Partial
2020-02-03,C099,1925.32,income,Service
2020-02-19,C100,754.28,income,Partial
2020-02-23,C100,1131.42,income,Partial
2020-03-01,SELF,1200.0,expense,Rent
2020-03-04,SELF,2823.0,expense,Operations
2020-03-14,C001,3782.75,income,Service
2020-03-21,C002,4340.08,income,Service
2020-03-14,C003,1830.64,income,Service
2020-03-31,C004,2604.89,income,Partial
2020-04-04,C004,3907.33,income,Partial
2020-03-04,,4629.17,income,Partial
2020-03-08,C005,6943.76,income,Partial
2020-03-10,C006,10369.52,income,Service
2020-03-18,C007,7097.11,income,Service
2020-04-05,C008,3854.81,income,Service
2020-03-19,C009,4785.63,income,Partial
2020-03-23,C009,7178.44,income,Partial
2020-03-31,C010,3236.02,income,Partial
2020-04-04,C010,4854.03,income,Partial
2020-03-10,C014,1286.57,income,Partial
2020-03-14,C014,1929.85,income,Partial
2020-04-04,C017,9612.88,income,Service
2020-03-26,C018,6048.93,income,Service
2020-04-09,C019,1982.77,income,UNKNOWN_ERROR
2020-03-11,C020,3460.33,income,Service
2020-03-12,C021,2982.72,income,Service
2020-03-16,C022,3683.86,income,Service
2020-04-07,C023,616.81,income,Service
2020-04-10,C026,4701.8,income,Service
2020-03-25,C027,1649.09,income,Partial
2020-03-29,C027,2473.64,income,Partial
2020-03-07,C029,1000.7,income,Service
2020-03-14,C031,1862.89,income,Service
2020-04-09,C032,10822.84,income,Service
2020-04-08,C039,5084.62,income,Service
2020-03-09,C041,6423.23,income,Service
2020-03-16,C043,7029.66,income,Service
2020-04-13,C044,6830.29,income,Service
2020-03-15,C045,7050.31,income,Service
2020-04-10,C046,2488.13,income,Service
2020-03-06,C048,7073.05,income,Service
2020-03-17,C051,11779.57,income,Service
2020-03-10,C057,10502.89,income,Service
2020-03-25,C058,14793.14,income,Service
2020-04-02,C059,5287.65,income,Service
2020-03-16,C067,1376.83,income,Service
2020-03-16,C068,7890.99,income,Service
2020-03-22,C079,6933.5,income,Service
2020-03-20,C080,9481.79,income,Service
2020-04-08,C084,2693.92,income,Service
2020-03-20,C091,5481.02,income,Service
2020-03-07,C097,10854.91,income,Service
2020-04-01,SELF,1200.0,expense,Rent
2020-04-03,SELF,2850.0,expense,Operations
2020-04-21,SELF,4191.0,expense,Contractor
2020-04-27,C001,3675.67,income,UNKNOWN_ERROR
2020-05-12,C002,4119.41,income,Service
2020-04-26,C003,762.8,income,Partial
2020-04-30,C003,1144.2,income,Partial
2020-05-12,C004,2826.84,income,UNKNOWN_ERROR
2020-05-16,C004,4240.26,income,Partial
2020-04-10,C005,11758.71,income,Service
2020-04-02,C006,10552.45,income,Service
2020-04-25,,7682.14,income,Service
2020-04-12,C008,4097.35,income,Service
2020-04-24,C009,11563.31,income,Service
2020-04-11,C010,8242.2,income,Service
2020-04-07,C011,6605.6,income,Service
2020-05-01,C012,7131.0,income,Service
2020-04-08,C013,4891.05,income,Service
2020-04-15,C014,2561.83,income,UNKNOWN_ERROR
2020-04-19,C014,3842.74,income,Partial
2020-05-06,,3955.31,income,Partial
2020-05-10,C016,5932.97,income,Partial
2020-04-02,C018,5892.27,income,Service
2020-04-30,C019,1067.32,income,UNKNOWN_ERROR
2020-05-04,C019,1600.98,income,Partial
2020-05-03,C022,3664.67,income,UNKNOWN_ERROR
2020-05-09,C024,7467.81,income,Service
2020-04-07,C025,9868.12,income,Service
2020-05-08,C027,8604.78,income,Service
2020-05-09,C029,358.48,income,Partial
2020-05-13,C029,537.72,income,Partial
2020-04-25,C031,1938.04,income,Service
2020-05-14,,3250.14,income,Partial
2020-05-18,C033,4875.2,income,UNKNOWN_ERROR
2020-04-07,C034,4746.09,income,UNKNOWN_ERROR
2020-04-16,C036,1384.61,income,Partial
2020-04-20,C036,2076.92,income,Partial
2020-04-30,C038,7499.59,income,Service
2020-04-21,C039,4278.03,income,Service
2020-05-10,C040,3854.7,income,Service
2020-04-15,C042,544.77,income,Partial
2020-04-19,C042,817.15,income,Partial
2020-05-05,C044,2353.79,income,Partial
2020-05-09,,3530.68,income,Partial
2020-04-20,C045,4455.3,income,UNKNOWN_ERROR
2020-04-30,C047,3639.24,income,Partial
2020-05-04,C047,5458.86,income,Partial
2020-05-01,C048,6023.57,income,Service
2020-05-06,C049,6414.42,income,Service
2020-05-03,C050,5744.38,income,Service
2020-04-23,C051,13053.68,income,Service
2020-04-14,C054,2053.83,income,Service
2020-04-03,C059,4034.41,income,Service
2020-04-20,C065,3710.7,income,Partial
2020-04-24,C065,5566.05,income,Partial
2020-05-11,C067,347.43,income,Partial
2020-05-15,C067,521.15,income,Partial
2020-04-29,C069,2212.53,income,Service
2020-04-09,C076,379.59,income,Partial
2020-04-13,C076,569.38,income,Partial
2020-04-30,C078,1542.8,income,Service
2020-04-06,C080,11424.66,income,Service
2020-04-09,C085,10637.38,income,Service
2020-05-02,C086,1953.29,income,Service
2020-05-02,C086,1953.29,income,Service
2020-04-13,C087,1155.7,income,UNKNOWN_ERROR
2020-04-24,C089,8522.61,income,Service
2020-04-18,C090,13211.84,income,Service
2020-05-12,C091,1531.05,income,Partial
2020-05-16,C091,2296.58,income,Partial
2020-04-27,C095,7086.55,income,Service
2020-04-24,C099,5021.65,income,Service
2020-05-01,SELF,1200.0,expense,Rent
2020-05-08,SELF,4200.0,expense,UNKNOWN_ERROR
2020-05-21,SELF,11052.0,expense,UNKNOWN_ERROR
2020-06-10,C001,3707.84,income,Service
2020-05-25,C002,4187.35,income,Service
2020-06-15,C003,1948.09,income,Service
2020-05-14,C004,7060.91,income,Service
2020-05-10,C005,12046.38,income,Service
2020-06-06,C006,10911.9,income,Service
2020-05-09,C007,7136.57,income,Service
2020-05-08,C008,3946.21,income,UNKNOWN_ERROR
2020-06-14,C009,11373.54,income,Service
2020-05-28,C010,7672.31,income,Service
2020-05-04,C011,4182.85,income,Service
2020-05-15,C012,7331.62,income,Service
2020-05-14,C015,7378.28,income,Service
2020-05-17,,4261.69,income,Partial
2020-05-21,C016,6392.54,income,UNKNOWN_ERROR
2020-05-03,C017,10358.56,income,Service
2020-05-17,,1419.97,income,Partial
2020-05-21,C020,2129.96,income,Partial
2020-05-17,C021,3131.5,income,Service
2020-05-11,C023,606.36,income,Service
2020-05-06,C024,14928.83,income,UNKNOWN_ERROR
2020-05-07,,9612.16,income,Service
2020-05-23,C026,4380.14,income,Service
2020-05-26,C027,1857.88,income,Partial
2020-05-30,C027,2786.82,income,Partial
2020-06-13,C028,9792.81,income,Service
2020-05-11,C033,10469.07,income,Service
2020-06-13,C034,6679.76,income,Service
2020-06-15,C036,3741.93,income,Service
2020-05-08,C037,2221.93,income,Service
2020-06-08,C039,6447.15,income,Service
2020-05-26,C041,1293.08,income,Partial
2020-05-30,C041,1939.63,income,Partial
2020-05-18,C044,6596.36,income,Service
2020-05-10,C047,9014.69,income,Service
2020-06-14,C048,2947.23,income,Partial
2020-06-18,C048,4420.85,income,Partial
2020-05-24,C049,4986.22,income,UNKNOWN_ERROR
2020-06-13,C050,6756.71,income,Service
2020-05-09,C051,17066.03,income,Service
2020-05-18,C052,3493.22,income,Partial
2020-05-22,C052,5239.84,income,Partial
2020-06-05,C058,2437.3,income,Service
2020-05-05,C062,6518.11,income,Service
2020-05-22,C066,3361.72,income,Service
2020-06-15,C068,5354.18,income,Service
2020-06-03,C072,4511.7,income,UNKNOWN_ERROR
2020-06-07,C072,6767.55,income,Partial
2020-05-25,C073,11176.53,income,Service
2020-05-05,C079,2463.45,income,Partial
2020-05-09,C079,3695.17,income,Partial
2020-06-14,C080,5607.38,income,Service
2020-05-16,C082,5012.31,income,Partial
2020-05-20,C082,7518.47,income,Partial
2020-05-14,C092,3329.69,income,Service
2020-05-02,C093,770.5,income,Service
2020-06-01,SELF,1200.0,expense,Rent
2020-06-16,SELF,1023.0,expense,Operations
2020-07-15,C001,3844.36,income,Service
2020-06-08,C002,4333.92,income,Service
2020-06-23,C003,750.73,income,UNKNOWN_ERROR
2020-06-27,C003,1126.1,income,Partial
2020-06-23,C004,6895.8,income,Service
2020-06-18,,12338.43,income,Service
2020-06-30,C006,10195.16,income,Service
2020-07-15,C007,2958.99,income,Partial
2020-07-19,C007,4438.48,income,UNKNOWN_ERROR
2020-06-29,C008,1693.88,income,UNKNOWN_ERROR
2020-07-03,C008,2540.83,income,Partial
2020-06-10,C009,11322.01,income,Service
2020-07-06,C010,7962.95,income,Service
2020-06-09,C011,7523.64,income,Service
2020-06-27,C013,6357.31,income,Service
2020-07-12,C014,6869.53,income,Service
2020-07-09,C015,7784.15,income,UNKNOWN_ERROR
2020-07-13,C017,12543.22,income,UNKNOWN_ERROR
2020-07-08,C023,1154.13,income,Service
2020-06-27,C024,9989.49,income,Service
2020-06-19,C025,6361.65,income,Service
2020-06-25,,4130.54,income,Service
2020-06-09,C027,2452.42,income,Partial
2020-06-13,C027,3678.63,income,Partial
2020-06-11,C029,1369.55,income,Service
2020-07-09,C032,11380.28,income,Service
2020-06-11,C033,10003.62,income,Service
2020-07-10,C034,5659.62,income,Service
2020-06-16,C037,3778.93,income,Service
2020-06-19,C039,3771.19,income,Service
2020-06-08,C042,1740.92,income,Service
2020-06-18,C043,8898.95,income,Service
2020-06-11,,5110.48,income,Service
2020-07-12,C045,5539.94,income,Service
2020-06-22,C046,3343.46,income,Service
2020-06-19,C048,5902.34,income,UNKNOWN_ERROR
2020-06-20,C053,10503.33,income,Service
2020-06-03,C058,12379.73,income,Service
2020-06-08,C059,4736.87,income,Service
2020-06-08,C062,2027.49,income,Service
2020-07-03,,3544.55,income,Partial
2020-07-07,C063,5316.82,income,Partial
2020-06-05,,18465.06,income,Service
2020-07-01,C070,1834.52,income,Partial
2020-07-05,,2751.78,income,Partial
2020-06-02,C071,5976.77,income,Service
2020-06-02,C080,4379.09,income,Service
2020-06-06,C093,977.93,income,Service
2020-06-05,C095,13550.42,income,Service
2020-06-16,C097,5422.14,income,Partial
2020-06-20,C097,8133.22,income,Partial
2020-07-05,C098,1870.46,income,Partial
2020-07-09,C098,2805.69,income,UNKNOWN_ERROR
2020-07-04,C100,2201.62,income,Service
2020-07-01,,1200.0,expense,Rent
2020-07-15,SELF,4584.0,expense,Operations
2020-07-07,SELF,6520.0,expense,Contractor
2020-07-10,C001,3858.44,income,Service
2020-07-05,C002,4368.79,income,Service
2020-07-08,C003,1829.78,income,Service
2020-07-05,C004,6585.71,income,UNKNOWN_ERROR
2020-07-12,C005,4569.0,income,Partial
2020-07-16,C005,6853.49,income,Partial
2020-07-30,C006,11178.68,income,Service
2020-08-07,,7045.57,income,Service
2020-07-13,C008,3953.38,income,Service
2020-08-11,C009,11840.03,income,Service
2020-07-28,C010,3138.95,income,Partial
2020-08-01,C010,4708.42,income,Partial
2020-07-06,C013,5568.72,income,Service
2020-07-04,C014,2369.23,income,Partial
2020-07-08,C014,3553.85,income,Partial
2020-07-16,C015,10363.09,income,UNKNOWN_ERROR
2020-07-15,C018,6731.6,income,Service
2020-08-06,C019,2976.05,income,UNKNOWN_ERROR
2020-08-09,C021,2481.75,income,Service
2020-07-06,C022,2799.04,income,Service
2020-07-30,C024,14228.82,income,Service
2020-07-21,C025,4735.03,income,Service
2020-08-14,C028,10644.22,income,Service
2020-08-15,C029,1023.56,income,Service
2020-08-07,C030,3542.57,income,Service
2020-07-15,C031,651.48,income,Partial
2020-07-19,C031,977.22,income,Partial
2020-08-11,C032,7403.41,income,Service
2020-08-11,C032,7403.41,income,Service
2020-08-05,C033,3120.26,income,Partial
2020-08-09,C033,4680.39,income,Partial
2020-08-06,C034,1987.09,income,Partial
2020-08-10,C034,2980.63,income,Partial
2020-07-28,C036,1764.43,income,Partial
2020-08-01,C036,2646.64,income,UNKNOWN_ERROR
2020-07-07,C039,1910.15,income,Partial
2020-07-11,C039,2865.23,income,Partial
2020-08-14,C040,3017.76,income,UNKNOWN_ERROR
2020-08-04,C041,5815.31,income,Service
2020-07-27,C044,1732.62,income,Partial
2020-07-31,C044,2598.93,income,Partial
2020-07-04,C049,3491.91,income,Service
2020-08-09,C051,19971.77,income,Service
2020-07-27,C058,7864.93,income,UNKNOWN_ERROR
2020-08-03,C062,9035.94,income,UNKNOWN_ERROR
2020-07-14,C064,9379.58,income,Service
2020-08-15,C079,6899.5,income,Service
2020-08-07,C083,4830.0,income,Partial
2020-08-11,C083,7245.01,income,Partial
2020-07-12,C085,3665.77,income,Partial
2020-07-16,C085,5498.65,income,Partial
2020-08-04,C089,4782.86,income,Service
2020-08-04,C089,4782.86,income,Service
2020-07-06,C094,12335.68,income,Service
2020-07-26,C095,12967.31,income,Service
2020-07-21,C096,13197.69,income,Service
2020-07-09,C097,17222.65,income,Service
2020-08-01,SELF,1200.0,expense,Rent
2020-08-08,SELF,2884.0,expense,Operations
2020-09-01,C001,3678.35,income,Service
2020-08-28,C002,4112.23,income,Service
2020-09-12,C003,1982.47,income,Service
2020-08-29,C004,2730.88,income,Partial
2020-09-02,C004,4096.32,income,Partial
2020-09-07,C005,12252.93,income,Service
2020-08-29,C006,10405.31,income,Service
2020-09-04,C007,7092.31,income,Service
2020-08-11,C008,4089.96,income,UNKNOWN_ERROR
2020-08-08,C009,11929.83,income,Service
2020-08-13,,8216.6,income,Service
2020-09-02,C012,9635.97,income,Service
2020-09-04,C014,5298.0,income,UNKNOWN_ERROR
2020-09-13,,9234.0,income,Service
2020-08-15,C016,3306.13,income,Partial
2020-08-19,C016,4959.19,income,Partial
2020-09-08,C017,9928.21,income,Service
2020-09-10,C018,8143.69,income,Service
2020-08-17,C019,3571.75,income,Service
2020-08-09,C020,2059.95,income,Service
2020-08-23,C021,3779.73,income,UNKNOWN_ERROR
2020-08-08,C023,319.37,income,Partial
2020-08-12,C023,479.05,income,Partial
2020-08-12,C024,4486.29,income,Partial
2020-08-16,C024,6729.43,income,Partial
2020-09-03,C025,2910.87,income,Partial
2020-09-07,C025,4366.31,income,Partial
2020-08-30,C027,5891.38,income,Service
2020-08-14,C033,13041.31,income,Service
2020-08-22,C034,5030.13,income,Service
2020-08-23,C036,1679.53,income,Partial
2020-08-27,C036,2519.3,income,Partial
2020-08-18,C038,3921.91,income,UNKNOWN_ERROR
2020-08-12,C039,5024.22,income,Service
2020-09-12,C041,6133.59,income,Service
2020-09-08,C043,4473.31,income,Service
2020-08-04,C044,5993.11,income,Service
2020-08-24,C048,5649.7,income,Service
2020-08-05,C059,521.46,income,Partial
2020-08-09,C059,782.19,income,Partial
2020-08-16,C063,8170.6,income,Service
2020-09-02,C078,2143.09,income,Service
2020-08-15,C081,5358.37,income,Service
2020-08-04,C085,3119.96,income,Service
2020-09-02,C096,2885.88,income,UNKNOWN_ERROR
2020-09-02,C096,2885.88,income,Service
2020-09-01,SELF,1200.0,expense,UNKNOWN_ERROR
2020-09-02,SELF,1882.0,expense,UNKNOWN_ERROR
2020-10-08,C001,3686.58,income,Service
2020-09-08,C002,4107.97,income,Service
2020-09-09,C003,1873.6,income,Service
2020-09-09,C004,6515.53,income,Service
2020-09-27,C005,11986.49,income,Service
2020-10-01,,10872.51,income,Service
2020-09-15,C007,7231.43,income,Service
2020-10-07,C008,1636.04,income,Partial
2020-10-11,C008,2454.06,income,Partial
2020-09-25,C009,11141.72,income,Service
2020-10-09,C010,8289.51,income,Service
2020-10-06,C011,5585.38,income,Service
2020-10-10,C012,12702.19,income,Service
2020-10-06,C013,2669.69,income,Partial
2020-10-10,C013,4004.53,income,Partial
2020-10-14,,3362.76,income,Service
2020-10-14,C015,7370.97,income,Service
2020-09-12,C016,5050.12,income,Partial
2020-09-16,C016,7575.17,income,Partial
2020-09-14,C017,9775.17,income,Service
2020-10-14,C020,1651.05,income,Partial
2020-10-18,C020,2476.58,income,Partial
2020-10-12,C021,4245.95,income,Service
2020-09-16,C022,2961.29,income,Service
2020-09-05,C023,1038.69,income,Service
2020-09-13,C025,3268.7,income,Partial
2020-09-17,C025,4903.05,income,Partial
2020-09-23,C026,6562.76,income,Service
2020-10-10,C027,9308.29,income,Service
2020-10-07,C028,7812.05,income,Service
2020-09-30,C029,1890.51,income,Service
2020-10-11,C031,1092.3,income,Partial
2020-10-15,C031,1638.45,income,Partial
2020-09-22,C034,2517.91,income,Partial
2020-09-26,C034,3776.86,income,Partial
2020-09-22,C035,2610.37,income,Service
2020-09-18,C036,3261.27,income,Service
2020-09-30,C037,2233.0,income,Service
2020-09-14,C038,4320.51,income,UNKNOWN_ERROR
2020-09-24,C039,6452.55,income,Service
2020-09-06,C040,1956.09,income,UNKNOWN_ERROR
2020-09-10,C040,2934.13,income,Partial
2020-09-03,C042,1305.59,income,Service
2020-09-04,C043,8236.68,income,Service
2020-09-30,C044,6535.83,income,Service
2020-09-30,C045,7156.15,income,Service
2020-09-18,C047,8400.7,income,Service
2020-09-02,C048,7433.36,income,Service
2020-09-25,C049,4395.78,income,Service
2020-10-06,C051,5083.56,income,Partial
2020-10-10,,7625.35,income,Partial
2020-10-05,C054,2348.93,income,UNKNOWN_ERROR
2020-09-19,C060,2254.82,income,Partial
2020-09-23,C060,3382.23,income,Partial
2020-10-10,C062,2760.06,income,Partial
2020-10-14,C062,4140.1,income,Partial
2020-09-06,C066,5425.03,income,Service
2020-09-15,,15439.83,income,Service
2020-10-02,C074,5887.77,income,Service
2020-09-28,C076,446.22,income,Partial
2020-10-02,C076,669.33,income,Partial
2020-09-15,C077,514.47,income,Service
2020-09-23,C078,2182.57,income,Service
2020-10-10,C083,2560.14,income,Partial
2020-10-14,C083,3840.21,income,Partial
2020-09-30,C091,4124.79,income,Service
2020-10-09,C094,2029.41,income,Service
2020-10-10,C096,3590.36,income,Service
2020-09-24,C099,746.73,income,UNKNOWN_ERROR
2020-10-01,SELF,1200.0,expense,Rent
2020-10-04,SELF,3692.0,expense,Operations
2020-10-18,C001,1537.86,income,Partial
2020-10-22,C001,2306.78,income,Partial
2020-11-04,C002,4265.82,income,Service
2020-11-04,C003,1996.89,income,Service
2020-10-02,C004,6454.9,income,Service
2020-10-22,C005,11408.31,income,Service
2020-10-21,C006,10370.27,income,Service
2020-10-12,C007,7401.07,income,Service
2020-11-02,C008,4141.2,income,Service
2020-10-02,C009,11808.52,income,UNKNOWN_ERROR
2020-10-17,C010,7836.15,income,Service
2020-10-08,C011,3999.57,income,Service
2020-10-25,C012,12264.72,income,Service
2020-10-20,C013,1932.14,income,Partial
2020-10-24,C013,2898.21,income,Partial
2020-10-14,C017,9949.38,income,Service
2020-11-05,C018,7436.28,income,Service
2020-11-01,C019,1232.98,income,Partial
2020-11-05,,1849.47,income,Partial
2020-10-04,C021,4628.64,income,Service
2020-10-18,C024,10781.39,income,Service
2020-11-05,C026,7796.03,income,Service
2020-10-07,C027,2892.1,income,Partial
2020-10-11,C027,4338.15,income,Partial
2020-10-15,C029,1916.79,income,Service
2020-10-30,C030,5436.73,income,Service
2020-10-09,C031,663.74,income,Partial
2020-10-13,C031,995.6,income,Partial
2020-10-17,C032,10813.16,income,Service
2020-10-02,,6395.23,income,Service
2020-10-11,C035,2035.53,income,Service
2020-11-08,C036,4189.05,income,Service
2020-10-19,C037,2140.88,income,Service
2020-10-19,C037,2140.88,income,Service
2020-10-27,C038,5968.35,income,Service
2020-10-30,C039,3341.2,income,Service
2020-11-09,C040,2765.6,income,Service
2020-10-10,C042,1466.38,income,Service
2020-11-04,C044,3250.24,income,Partial
2020-11-08,C044,4875.36,income,Partial
2020-11-03,,6683.2,income,Service
2020-10-15,C047,9766.08,income,Service
2020-10-17,C048,5830.15,income,Service
2020-11-02,C049,4069.34,income,Service
2020-11-01,C053,10265.6,income,Service
2020-10-12,C055,10154.69,income,Service
2020-10-20,C056,3548.65,income,Service
2020-11-12,C057,2913.57,income,Partial
2020-11-16,C057,4370.35,income,Partial
2020-11-12,C057,7283.92,income,Service
2020-11-03,C058,16034.74,income,Service
2020-11-03,C058,16034.74,income,Service
2020-10-25,C066,3441.19,income,Service
2020-10-24,C070,2423.67,income,Partial
2020-10-28,,3635.5,income,Partial
2020-11-14,C075,5361.29,income,Service
2020-10-17,C079,11145.05,income,Service
2020-11-11,C083,5741.02,income,Partial
2020-11-15,C083,8611.53,income,Partial
2020-10-29,C087,652.22,income,Partial
2020-11-02,C087,978.33,income,Partial
2020-10-30,C094,14152.53,income,UNKNOWN_ERROR
2020-10-23,C096,4543.01,income,UNKNOWN_ERROR
2020-10-27,C096,6814.51,income,Partial
2020-10-31,C100,1038.73,income,Service
2020-11-01,SELF,1200.0,expense,Rent
2020-11-11,SELF,3368.0,expense,Operations
2020-11-14,SELF,5286.0,expense,Contractor
2020-12-15,,3627.18,income,Service
2020-11-30,C002,4396.89,income,Service
2020-11-05,C003,2004.76,income,UNKNOWN_ERROR
2020-11-06,C004,6678.97,income,UNKNOWN_ERROR
2020-11-07,C005,11606.35,income,Service
2020-11-20,C006,10390.39,income,Service
2020-11-06,C007,7403.85,income,Service
2020-12-14,C008,1656.74,income,Partial
2020-12-18,C008,2485.12,income,Partial
2020-11-13,C009,4565.66,income,Partial
2020-11-17,C009,6848.49,income,Partial
2020-12-09,C010,8311.26,income,Service
2020-11-19,C012,9826.11,income,Service
2020-11-17,C013,6243.8,income,UNKNOWN_ERROR
2020-11-10,C015,3490.42,income,Partial
2020-11-14,C015,5235.62,income,Partial
2020-11-20,C018,4920.59,income,Service
2020-12-15,C019,3256.27,income,UNKNOWN_ERROR
2020-12-06,C020,4021.25,income,Service
2020-11-22,C024,11294.55,income,Service
2020-11-26,C025,2698.75,income,Partial
2020-11-30,C025,4048.13,income,Partial
2020-11-26,C030,4983.53,income,Service
2020-11-25,C031,3170.09,income,Service
2020-11-28,C032,4379.43,income,Partial
2020-12-02,C032,6569.14,income,Partial
2020-11-19,C034,2248.11,income,Partial
2020-11-23,C034,3372.17,income,Partial
2020-12-12,C035,687.11,income,Partial
2020-12-16,C035,1030.66,income,Partial
2020-11-06,C037,3214.56,income,Service
2020-12-01,C040,3936.1,income,Service
2020-12-01,C042,347.11,income,Partial
2020-12-05,C042,520.67,income,Partial
2020-12-08,C043,6661.47,income,Service
2020-11-12,C045,7606.54,income,Service
2020-12-06,C049,4876.03,income,Service
2020-11-13,C050,3469.37,income,Service
2020-11-25,C052,7782.01,income,Service
2020-12-12,C054,1389.53,income,Service
2020-12-03,C055,2635.47,income,Service
2020-12-12,C059,3609.05,income,Service
2020-12-12,C059,3609.05,income,UNKNOWN_ERROR
2020-12-08,C064,3458.6,income,Service
2020-12-03,C077,1151.49,income,Service
2020-12-03,C077,1151.49,income,Service
2020-11-25,C079,5987.24,income,Service
2020-11-19,C082,8948.13,income,Service
2020-12-15,C083,11173.64,income,Service
2020-12-09,C086,4568.01,income,Service
2020-12-14,C089,7419.65,income,Service
2020-12-16,C094,14634.92,income,Service
2020-12-01,SELF,1200.0,expense,Rent
2020-12-14,SELF,2821.0,expense,Operations
2020-12-07,C001,1484.36,income,Partial
2020-12-11,C001,2226.54,income,Partial
2020-12-28,,1788.5,income,Partial
2021-01-01,C002,2682.75,income,Partial
2020-12-20,C003,1980.1,income,Service
2020-12-10,C004,6698.59,income,Service
2021-01-11,C005,4997.91,income,UNKNOWN_ERROR
2021-01-15,C005,7496.87,income,UNKNOWN_ERROR
2021-01-13,C006,4406.12,income,Partial
2021-01-17,C006,6609.19,income,UNKNOWN_ERROR
2020-12-11,C007,7459.48,income,UNKNOWN_ERROR
2021-01-04,C008,1606.57,income,Partial
2021-01-08,C008,2409.85,income,Partial
2020-12-02,C009,12124.33,income,UNKNOWN_ERROR
2020-12-15,C010,3173.22,income,Partial
2020-12-19,C010,4759.83,income,Partial
2020-12-09,C011,5613.28,income,Service
2020-12-26,C013,7682.43,income,Service
2020-12-22,C014,6615.19,income,Service
2020-12-02,C016,9001.91,income,Service
2021-01-04,C018,10029.85,income,Service
2020-12-19,C020,2202.24,income,UNKNOWN_ERROR
2020-12-26,C022,1231.81,income,Partial
2020-12-30,C022,1847.72,income,Partial
2020-12-24,C024,12102.96,income,Service
2020-12-20,C025,6600.78,income,UNKNOWN_ERROR
2020-12-05,C026,3004.41,income,Partial
2020-12-09,C026,4506.62,income,Partial
2020-12-16,C027,7667.25,income,Service
2020-12-09,C028,7452.25,income,Service
2020-12-25,C029,696.85,income,Partial
2020-12-29,C029,1045.27,income,Partial
2020-12-30,C034,4576.6,income,Service
2020-12-18,C035,1973.97,income,Service
2020-12-12,C036,2252.39,income,Service
2020-12-19,C037,3781.1,income,Service
2021-01-07,C038,7473.62,income,Service
2021-01-08,C040,4811.37,income,Service
2021-01-07,C042,1495.06,income,Service
2020-12-13,C043,4073.96,income,Service
2021-01-14,C046,2947.84,income,Service
2020-12-29,C047,7630.13,income,Service
2020-12-10,C048,6551.38,income,Service
2020-12-07,C052,1587.04,income,Partial
2020-12-11,C052,2380.56,income,Partial
2020-12-29,C053,8043.58,income,Service
2021-01-10,C054,420.1,income,Service
2021-01-10,C056,6554.9,income,Partial
2021-01-14,C056,9832.35,income,Partial
2020-12-15,C060,8685.16,income,Service
2021-01-02,C061,19841.26,income,Service
2021-01-05,C062,9408.46,income,Service
2020-12-22,C063,3806.41,income,Partial
2020-12-26,C063,5709.61,income,Partial
2020-12-03,C064,3158.08,income,Service
2021-01-06,C065,4007.36,income,Service
2021-01-11,C066,5138.58,income,Service
2021-01-10,,19109.11,income,Service
2020-12-12,C069,776.87,income,UNKNOWN_ERROR
2020-12-16,C069,1165.3,income,Partial
2021-01-15,C084,4402.88,income,Service
2020-12-17,C090,894.56,income,Partial
2020-12-21,C090,1341.84,income,Partial
2021-01-01,C092,6873.88,income,Service
2020-12-30,C098,4912.41,income,Service
2021-01-01,SELF,1200.0,expense,Rent
2021-01-04,SELF,3819.0,expense,Operations
2021-01-13,C001,1456.87,income,Partial
2021-01-17,C001,2185.3,income,Partial
2021-01-15,C002,4222.19,income,Service
2021-01-24,C004,6735.0,income,Service
2021-01-16,C005,11655.87,income,UNKNOWN_ERROR
2021-01-16,C006,10608.38,income,Service
2021-01-24,C007,7261.38,income,UNKNOWN_ERROR
2021-02-14,C008,3993.97,income,Service
2021-01-08,C009,11358.36,income,Service
2021-02-09,C010,8454.92,income,Service
2021-01-27,C011,5657.29,income,Service
2021-01-15,C014,4736.72,income,Service
2021-01-15,C015,3061.24,income,Partial
2021-01-19,C015,4591.86,income,Partial
2021-01-23,C017,4805.98,income,Partial
2021-01-27,C017,7208.98,income,UNKNOWN_ERROR
2021-02-15,C018,3041.46,income,Partial
2021-02-19,C018,4562.19,income,Partial
2021-01-11,C019,2242.79,income,Service
2021-02-04,C023,1141.09,income,Service
2021-01-09,C024,14157.92,income,Service
2021-01-20,,5780.85,income,Service
2021-02-04,C028,4830.26,income,Partial
2021-02-08,C028,7245.39,income,Partial
2021-02-11,C029,613.28,income,Partial
2021-02-15,C029,919.92,income,Partial
2021-01-06,C030,3937.6,income,Service
2021-01-25,C032,6824.82,income,Service
2021-01-17,,11145.23,income,Service
2021-01-24,C034,8888.37,income,Service
2021-02-09,C040,4715.64,income,Service
2021-01-23,C041,3323.72,income,UNKNOWN_ERROR
2021-02-03,C043,2339.57,income,Partial
2021-02-07,C043,3509.36,income,Partial
2021-01-10,C045,6988.86,income,Service
2021-02-12,C048,3485.17,income,Service
2021-02-06,C049,6227.16,income,Service
2021-01-23,C050,1820.4,income,Partial
2021-01-27,C050,2730.6,income,Partial
2021-02-07,C056,13411.57,income,Service
2021-01-21,C061,3579.03,income,Service
2021-02-14,C065,7085.62,income,Partial
2021-02-18,C065,10628.44,income,Partial
2021-01-17,C069,1877.3,income,Service
2021-01-18,C074,11650.02,income,Service
2021-01-05,,2563.84,income,Service
2021-01-20,C078,830.87,income,Service
2021-02-11,C080,3851.93,income,Partial
2021-02-15,C080,5777.89,income,Partial
2021-01-11,C083,2257.23,income,UNKNOWN_ERROR
2021-01-15,C083,3385.84,income,Partial
2021-01-11,C085,12205.4,income,Service
2021-02-02,C092,3426.71,income,Service
2021-01-29,,966.08,income,UNKNOWN_ERROR
2021-01-06,C096,7871.94,income,Service
2021-01-06,C096,7871.94,income,Service
2021-02-11,C100,1817.27,income,Service
2021-02-01,SELF,1200.0,expense,Rent
2021-02-12,SELF,3479.0,expense,Operations
2021-02-08,SELF,4147.0,expense,Contractor
2021-03-12,C001,3832.54,income,UNKNOWN_ERROR
2021-03-04,,4114.01,income,Service
2021-02-13,C003,799.56,income,Partial
2021-02-17,,1199.34,income,Partial
2021-02-25,C004,6759.35,income,Service
2021-02-04,,11610.58,income,Service
2021-02-16,C006,11144.49,income,UNKNOWN_ERROR
2021-03-05,C007,7347.93,income,Service
2021-02-14,C008,3936.77,income,Service
2021-02-05,C009,4507.07,income,Partial
2021-02-09,C009,6760.61,income,Partial
2021-02-25,C010,8020.32,income,Service
2021-02-20,C011,1914.66,income,Partial
2021-02-24,C011,2871.99,income,Partial
2021-02-17,C012,7477.8,income,Service
2021-03-15,C013,1815.24,income,Partial
2021-03-19,C013,2722.85,income,UNKNOWN_ERROR
2021-02-11,C014,3381.56,income,Service
2021-03-04,C015,6582.43,income,Service
2021-02-03,C016,8393.66,income,Service
2021-02-22,,5184.52,income,Service
2021-02-22,C018,5184.52,income,Service
2021-03-10,C020,4113.72,income,Service
2021-02-27,C022,1076.24,income,Partial
2021-03-03,C022,1614.36,income,Partial
2021-02-13,C023,490.09,income,Partial
2021-02-17,C023,735.14,income,Partial
2021-03-12,C026,3422.03,income,Service
2021-03-13,C027,5683.49,income,Service
2021-02-14,C028,11846.83,income,Service
2021-02-07,C029,626.5,income,Partial
2021-02-11,C029,939.75,income,Partial
2021-03-18,C031,2900.1,income,Service
2021-03-14,C032,11591.37,income,Service
2021-03-12,C033,9855.2,income,Service
2021-02-12,C035,2102.31,income,Service
2021-02-11,C038,4454.59,income,Service
2021-02-28,C039,3361.84,income,Service
2021-02-19,C040,4000.55,income,Service
2021-02-18,C043,7275.49,income,Service
2021-03-05,C045,7699.84,income,Service
2021-02-16,C046,4491.55,income,Service
2021-03-03,C048,7787.85,income,Service
2021-03-02,C049,2510.28,income,UNKNOWN_ERROR
2021-03-06,C049,3765.42,income,Partial
2021-02-27,C052,8873.93,income,Service
2021-03-17,C054,1833.78,income,Service
2021-02-15,C058,4628.18,income,Service
2021-02-22,C059,6018.46,income,Service
2021-02-24,C060,7755.04,income,Partial
2021-02-28,C060,11632.57,income,Partial
2021-03-04,C073,2007.89,income,Service
2021-03-10,C075,15092.67,income,Service
2021-03-12,C079,2824.08,income,Partial
2021-03-16,C079,4236.13,income,UNKNOWN_ERROR
2021-02-17,C080,8038.46,income,Service
2021-03-11,C082,11820.17,income,Service
2021-02-05,C084,593.13,income,Service
2021-03-13,C087,3744.11,income,Service
2021-02-04,C088,6762.27,income,Service
2021-03-01,,4983.62,income,Partial
2021-03-05,C090,7475.43,income,UNKNOWN_ERROR
2021-03-16,C091,4589.8,income,Service
2021-02-25,C093,1336.58,income,Service
2021-02-24,C094,7762.63,income,Service
2021-02-21,C100,1740.29,income,Service
2021-02-21,C100,1740.29,income,Service
2021-03-01,SELF,1200.0,expense,Rent
2021-03-05,SELF,1575.0,expense,Operations
2021-03-05,,5134.0,expense,Contractor
2021-03-16,C001,1459.93,income,UNKNOWN_ERROR
2021-03-20,C001,2189.9,income,Partial
2021-03-10,,4180.27,income,Service
2021-04-09,C003,1833.72,income,Service
2021-03-24,C004,6591.38,income,Service
2021-03-14,C005,12109.75,income,Service
2021-03-28,C006,4224.53,income,Partial
2021-04-01,C006,6336.79,income,Partial
2021-03-23,C007,2950.85,income,Partial
2021-03-27,C007,4426.28,income,Partial
2021-03-12,C008,1640.98,income,Partial
2021-03-16,C008,2461.48,income,Partial
2021-03-14,C009,4763.86,income,Partial
2021-03-18,C009,7145.8,income,Partial
2021-03-03,C010,8267.04,income,Service
2021-03-15,C012,10706.95,income,Service
2021-03-24,C013,6332.19,income,Service
2021-03-31,C014,2122.78,income,Partial
2021-04-04,C014,3184.18,income,Partial
2021-04-15,C016,2282.14,income,Partial
2021-04-19,C016,3423.21,income,UNKNOWN_ERROR
2021-03-26,C017,8487.51,income,UNKNOWN_ERROR
2021-03-02,C018,8404.78,income,Service
2021-03-12,C019,2106.96,income,Service
2021-03-02,C021,4370.75,income,Service
2021-03-16,C022,3377.77,income,Service
2021-03-24,C023,977.17,income,Service
2021-03-11,C024,15736.31,income,Service
2021-03-11,C024,15736.31,income,Service
2021-03-29,C026,4945.27,income,Service
2021-03-11,C027,4797.58,income,UNKNOWN_ERROR
2021-04-06,C028,8607.97,income,Service
2021-04-10,C029,784.14,income,Partial
2021-04-14,C029,1176.21,income,Partial
2021-03-28,C030,5936.71,income,Service
2021-03-15,C033,12090.06,income,Service
2021-04-07,C034,7883.05,income,Service
2021-03-19,,668.7,income,Partial
2021-03-23,C035,1003.04,income,Partial
2021-03-11,C038,6920.68,income,Service
2021-04-08,C039,4249.11,income,Service
2021-03-07,C040,4363.37,income,Service
2021-03-19,C043,4122.65,income,Service
2021-03-30,C044,2970.18,income,Partial
2021-04-03,C044,4455.28,income,Partial
2021-03-24,C047,4610.98,income,UNKNOWN_ERROR
2021-04-14,C049,3687.94,income,Service
2021-04-12,,7228.23,income,Service
2021-04-14,C065,10227.1,income,Service
2021-04-06,C067,3812.4,income,UNKNOWN_ERROR
2021-03-07,C074,2899.12,income,Partial
2021-03-11,C074,4348.69,income,Partial
2021-03-19,C077,1945.73,income,Service
2021-04-02,C078,1960.44,income,Service
2021-04-14,C081,5032.88,income,Service
2021-03-14,C085,2950.66,income,Service
2021-04-09,C087,2175.52,income,Service
2021-03-17,C088,12520.17,income,Service
2021-04-10,C090,12988.07,income,Service
2021-03-30,,7553.55,income,Service
2021-03-14,C093,352.05,income,Partial
2021-03-18,C093,528.08,income,Partial
2021-03-27,C096,6679.58,income,UNKNOWN_ERROR
2021-03-31,C096,10019.36,income,Partial
2021-04-01,SELF,1200.0,expense,Rent
2021-04-10,SELF,3431.0,expense,Operations
2021-04-14,C001,3618.37,income,Service
2021-04-22,C002,1642.56,income,Partial
2021-04-26,C002,2463.84,income,Partial
2021-04-05,,1943.0,income,UNKNOWN_ERROR
2021-04-06,C004,6802.22,income,Service
2021-05-14,C006,4309.87,income,Partial
2021-05-18,C006,6464.8,income,Partial
2021-04-23,C007,7222.18,income,Service
2021-05-14,C008,4044.07,income,Service
2021-04-23,C009,12052.44,income,Service
2021-05-05,C010,7749.04,income,Service
2021-04-06,C011,6781.75,income,Service
2021-04-30,C015,7040.24,income,Service
2021-04-30,C015,7040.24,income,Service
2021-05-06,C017,11489.71,income,Service
2021-05-06,C019,2385.36,income,Service
2021-04-27,C023,989.81,income,Service
2021-04-07,C024,12080.24,income,Service
2021-05-15,C026,6127.41,income,UNKNOWN_ERROR
2021-05-12,C027,9052.87,income,Service
2021-04-10,C028,11373.48,income,Service
2021-04-23,C029,545.34,income,Partial
2021-04-27,C029,818.01,income,Partial
2021-04-29,C030,4637.05,income,Service
2021-04-02,C031,1631.9,income,UNKNOWN_ERROR
2021-05-05,C033,3392.61,income,Partial
2021-05-09,C033,5088.92,income,Partial
2021-04-25,C034,6711.61,income,Service
2021-04-17,C035,2039.47,income,Service
2021-05-14,C036,1700.28,income,UNKNOWN_ERROR
2021-05-18,C036,2550.42,income,Partial
2021-04-22,C037,2658.39,income,Service
2021-04-28,C039,5138.8,income,Service
2021-04-11,,5690.56,income,Service
2021-04-16,C042,1618.34,income,Service
2021-04-20,C043,6199.84,income,Service
2021-04-20,C044,2607.53,income,Partial
2021-04-24,C044,3911.29,income,Partial
2021-04-22,C048,4010.39,income,Service
2021-04-21,C050,7647.62,income,Service
2021-05-10,C052,4558.32,income,UNKNOWN_ERROR
2021-05-15,C054,1247.68,income,Service
2021-04-28,C057,2326.87,income,Partial
2021-05-02,,3490.31,income,Partial
2021-04-25,C059,2356.95,income,Service
2021-04-12,C062,1200.71,income,Partial
2021-04-16,C062,1801.07,income,Partial
2021-05-13,C063,9697.78,income,Service
2021-05-06,C067,532.38,income,Partial
2021-05-10,C067,798.56,income,UNKNOWN_ERROR
2021-05-07,C069,391.85,income,Partial
2021-05-11,C069,587.78,income,Partial
2021-04-10,C074,1294.89,income,Partial
2021-04-14,C074,1942.33,income,Partial
2021-04-02,C083,12371.89,income,Service
2021-05-05,C084,3352.96,income,Service
2021-04-25,C085,9345.69,income,Service
2021-05-14,C089,1536.57,income,Service
2021-04-21,C091,1452.47,income,Partial
2021-04-25,C091,2178.7,income,UNKNOWN_ERROR
2021-04-27,C092,4354.27,income,Service
2021-04-19,C095,11765.71,income,Service
2021-04-30,C097,13740.53,income,Service
2021-05-01,C099,4562.11,income,Service
2021-05-01,SELF,1200.0,expense,Rent
2021-05-13,SELF,3519.0,expense,Operations
2021-06-04,,1540.04,income,Partial
2021-06-08,C001,2310.07,income,Partial
2021-05-29,C003,1858.77,income,Service
2021-06-09,C004,2822.6,income,Partial
2021-06-13,C004,4233.91,income,Partial
2021-05-03,C005,4659.97,income,Partial
2021-05-07,C005,6989.96,income,Partial
2021-05-17,C006,4446.07,income,Partial
2021-05-21,C006,6669.1,income,UNKNOWN_ERROR
2021-06-07,C007,7592.79,income,Service
2021-05-10,C008,4248.9,income,Service
2021-06-06,C009,4894.86,income,Partial
2021-06-10,C009,7342.3,income,Partial
2021-06-03,C010,7732.72,income,Service
2021-06-15,C011,7269.35,income,Service
2021-05-24,C012,9055.69,income,Service
2021-06-15,C019,2922.32,income,Service
2021-05-17,C022,2575.37,income,Service
2021-05-13,C024,10336.9,income,Service
2021-06-11,C027,7806.2,income,Service
2021-06-12,C028,4998.55,income,Partial
2021-06-16,C028,7497.83,income,Partial
2021-05-27,C030,5903.45,income,Service
2021-06-05,C031,996.78,income,Partial
2021-06-09,C031,1495.17,income,Partial
2021-06-14,C032,9069.24,income,Service
2021-05-23,C033,10027.34,income,Service
2021-05-18,C034,8183.47,income,Service
2021-05-26,C035,2493.95,income,Service
2021-06-01,C036,2901.69,income,Service
2021-05-25,C039,3309.21,income,Service
2021-06-05,C040,4667.32,income,Service
2021-05-15,C041,5388.87,income,Service
2021-06-02,C043,3030.31,income,Partial
2021-06-06,C043,4545.47,income,Partial
2021-05-19,C044,8525.35,income,Service
2021-06-06,C046,4306.84,income,Service
2021-05-02,C048,4355.43,income,Service
2021-05-15,C050,7565.59,income,Service
2021-05-26,C053,4793.51,income,Partial
2021-05-30,C053,7190.26,income,Partial
2021-05-23,C054,747.02,income,Service
2021-05-29,C058,5691.54,income,Partial
2021-06-02,C058,8537.31,income,Partial
2021-06-07,C064,3948.09,income,Partial
2021-06-11,C064,5922.14,income,Partial
2021-06-11,C067,1547.87,income,Service
2021-06-09,C069,1210.74,income,Service
2021-06-14,C073,3116.84,income,Service
2021-06-02,C075,11473.88,income,Service
2021-05-04,C076,481.09,income,Service
2021-05-09,C086,8563.42,income,Service
2021-06-07,C100,339.15,income,Service
2021-06-01,SELF,1200.0,expense,Rent
2021-06-07,SELF,4560.0,expense,UNKNOWN_ERROR
2021-06-26,C002,4371.24,income,Service
2021-07-16,C003,1909.75,income,Service
2021-06-30,C004,6781.65,income,Service
2021-07-10,C005,12022.23,income,Service
2021-07-12,C006,4346.54,income,Partial
2021-07-16,C006,6519.8,income,Partial
2021-07-02,,7090.91,income,Service
2021-07-05,C009,11197.63,income,Service
2021-06-06,C010,8329.24,income,Service
2021-07-07,C011,8162.18,income,UNKNOWN_ERROR
2021-06-13,C013,3655.93,income,Service
2021-06-16,C014,1645.18,income,UNKNOWN_ERROR
2021-06-20,C014,2467.78,income,Partial
2021-06-15,C015,1958.6,income,Partial
2021-06-19,C015,2937.9,income,UNKNOWN_ERROR
2021-07-06,C016,4639.07,income,Partial
2021-07-10,C016,6958.6,income,UNKNOWN_ERROR
2021-07-04,C020,3398.25,income,Service
2021-07-04,C021,4115.82,income,Service
2021-07-11,C022,3608.54,income,Service
2021-07-07,C023,703.31,income,Service
2021-06-17,C024,3708.18,income,Partial
2021-06-21,C024,5562.27,income,Partial
2021-06-23,C025,2723.9,income,Partial
2021-06-27,C025,4085.86,income,Partial
2021-06-04,C026,6115.98,income,Service
2021-06-11,C027,7687.16,income,Service
2021-06-29,C028,4979.75,income,Partial
2021-07-03,C028,7469.62,income,Partial
2021-07-16,C030,3638.14,income,Service
2021-07-02,C032,2614.62,income,Partial
2021-07-06,C032,3921.93,income,Partial
2021-07-04,C035,3057.94,income,Service
2021-07-08,C038,4334.97,income,Service
2021-07-09,C040,4148.56,income,Service
2021-06-13,C041,3999.5,income,Service
2021-06-02,C044,5739.67,income,UNKNOWN_ERROR
2021-07-05,C045,6796.15,income,Service
2021-06-26,C047,9721.69,income,Service
2021-06-07,C049,5947.15,income,Service
2021-07-06,C051,3033.34,income,Service
2021-07-09,C057,1813.96,income,Service
2021-06-30,C061,2968.99,income,Partial
2021-07-04,C061,4453.48,income,Partial
2021-06-28,C063,10130.61,income,UNKNOWN_ERROR
2021-07-08,C069,4102.43,income,Service
2021-07-05,C074,12064.81,income,Service
2021-06-19,C076,403.52,income,Partial
2021-06-23,C076,605.28,income,Partial
2021-06-17,C078,1051.77,income,Service
2021-07-04,C081,4344.51,income,Service
2021-07-07,C082,1736.04,income,Partial
2021-07-11,C082,2604.05,income,Partial
2021-07-03,C083,7825.18,income,Service
2021-07-07,C086,11266.25,income,Service
2021-06-13,C087,4103.11,income,Service
2021-06-03,C092,7249.6,income,Service
2021-06-08,C093,404.45,income,UNKNOWN_ERROR
2021-06-12,C093,606.68,income,Partial
2021-06-21,C096,4140.21,income,Service
2021-06-12,C098,6067.97,income,Service
2021-07-01,SELF,1200.0,expense,Rent
2021-07-05,SELF,1245.0,expense,Operations
2021-07-27,C001,3597.12,income,Service
2021-08-12,,4290.57,income,UNKNOWN_ERROR
2021-07-25,C003,773.63,income,Partial
2021-07-29,C003,1160.45,income,Partial
2021-07-11,C004,2814.87,income,Partial
2021-07-15,C004,4222.3,income,Partial
2021-07-10,C005,12042.2,income,Service
2021-07-15,C006,11249.72,income,Service
2021-08-02,C008,1635.44,income,Partial
2021-08-06,C008,2453.16,income,Partial
2021-07-06,C009,11305.49,income,Service
2021-07-25,C010,8149.15,income,Service
2021-07-24,C011,7017.37,income,Service
2021-08-10,C013,2178.75,income,Partial
2021-08-14,C013,3268.12,income,Partial
2021-08-04,C014,2958.15,income,Service
2021-08-01,C017,3659.74,income,Partial
2021-08-05,C017,5489.62,income,Partial
2021-08-14,C021,3052.99,income,UNKNOWN_ERROR
2021-07-21,C022,2864.35,income,Service
2021-08-08,C023,830.99,income,UNKNOWN_ERROR
2021-08-05,C024,8238.48,income,Service
2021-07-07,C025,10396.55,income,Service
2021-08-15,C026,5261.29,income,UNKNOWN_ERROR
2021-07-30,,762.83,income,Partial
2021-08-03,C029,1144.24,income,Partial
2021-08-08,C033,13511.33,income,Service
2021-07-12,C034,5419.17,income,UNKNOWN_ERROR
2021-07-25,C035,2685.9,income,Service
2021-07-08,C036,2280.48,income,Service
2021-07-10,C038,1384.26,income,Partial
2021-07-14,C038,2076.39,income,Partial
2021-07-12,C040,3630.37,income,Service
2021-07-18,C042,982.8,income,Service
2021-08-06,C045,3080.67,income,Partial
2021-08-10,C045,4621.01,income,Partial
2021-07-06,C046,2279.18,income,Service
2021-08-08,C047,9746.92,income,Service
2021-08-15,C050,6232.54,income,Service
2021-07-12,C051,9256.96,income,Service
2021-07-06,C067,1751.14,income,Service
2021-08-08,C068,3002.42,income,Service
2021-07-11,C070,1555.16,income,Partial
2021-07-15,C070,2332.73,income,Partial
2021-08-12,C071,2613.51,income,UNKNOWN_ERROR
2021-07-30,C075,18235.61,income,Service
2021-07-06,C078,965.77,income,Partial
2021-07-10,C078,1448.66,income,Partial
2021-07-28,C086,4253.63,income,Partial
2021-08-01,C086,6380.45,income,Partial
2021-07-14,C087,7038.39,income,Service
2021-07-31,C088,8134.18,income,Service
2021-07-12,C093,254.16,income,Service
2021-07-31,C097,4761.29,income,Partial
2021-08-04,C097,7141.94,income,Partial
2021-07-09,C099,858.08,income,Partial
2021-07-13,C099,1287.12,income,Partial
2021-08-01,,1200.0,expense,Rent
2021-08-08,SELF,1882.0,expense,UNKNOWN_ERROR
2021-09-12,C001,1563.94,income,Partial
2021-09-16,C001,2345.91,income,Partial
2021-08-29,C002,4141.69,income,Service
2021-08-29,C003,1986.54,income,Service
2021-08-30,C004,6748.49,income,Service
2021-08-10,,12536.16,income,Service
2021-08-30,C006,10328.18,income,UNKNOWN_ERROR
2021-08-17,C007,7389.12,income,Service
2021-08-09,C008,4114.42,income,Service
2021-09-07,C009,11470.23,income,Service
2021-08-07,C010,8016.27,income,Service
2021-09-12,C011,5177.79,income,Service
2021-09-14,C012,7245.65,income,Service
2021-09-10,C017,9386.37,income,UNKNOWN_ERROR
2021-09-09,C018,7902.48,income,Service
2021-09-09,,1172.21,income,Partial
2021-09-13,C019,1758.32,income,UNKNOWN_ERROR
2021-08-21,C022,2227.5,income,UNKNOWN_ERROR
2021-09-03,C023,419.45,income,Partial
2021-09-07,C023,629.17,income,Partial
2021-08-30,C025,6179.82,income,Service
2021-08-12,C027,4818.27,income,Service
2021-08-25,C029,1210.45,income,Service
2021-08-07,C030,1928.82,income,Partial
2021-08-11,C030,2893.24,income,UNKNOWN_ERROR
2021-08-18,C031,2661.34,income,Service
2021-08-29,C032,6500.13,income,Service
2021-08-15,C033,7855.56,income,Service
2021-08-16,C036,3278.33,income,Service
2021-09-03,C039,6105.25,income,UNKNOWN_ERROR
2021-09-06,C040,1473.18,income,Partial
2021-09-10,C040,2209.76,income,Partial
2021-09-15,C042,1465.48,income,Service
2021-09-14,C044,6689.0,income,Service
2021-09-05,C045,3120.33,income,Partial
2021-09-09,C045,4680.49,income,Partial
2021-09-08,C046,2415.77,income,Service
2021-09-06,C047,9271.93,income,Service
2021-09-13,C048,4273.65,income,Service
2021-08-27,C060,4736.55,income,Partial
2021-08-31,C060,7104.83,income,Partial
2021-08-23,,2717.99,income,Partial
2021-08-27,C063,4076.98,income,Partial
2021-09-01,C068,16217.23,income,Service
2021-08-10,C071,8303.59,income,Service
2021-08-17,C072,1120.56,income,Partial
2021-08-21,C072,1680.84,income,Partial
2021-08-15,C074,3325.93,income,Service
2021-09-06,C079,7782.61,income,Service
2021-09-13,C086,16618.0,income,Service
2021-08-05,C087,2488.93,income,Service
2021-08-10,C092,4120.7,income,Service
2021-09-02,,9434.11,income,Service
2021-08-26,C097,4639.12,income,UNKNOWN_ERROR
2021-08-30,C097,6958.68,income,Partial
2021-09-01,SELF,1200.0,expense,Rent
2021-09-04,SELF,1349.0,expense,Operations
2021-09-04,C001,3925.68,income,Service
2021-09-21,C002,4136.56,income,UNKNOWN_ERROR
2021-09-15,C005,4853.84,income,Partial
2021-09-19,,7280.76,income,Partial
2021-10-11,C006,10578.46,income,Service
2021-10-10,C007,7700.87,income,Service
2021-09-27,C008,4038.59,income,Service
2021-09-05,C009,11911.0,income,Service
2021-10-11,C010,8137.14,income,UNKNOWN_ERROR
2021-09-19,,2788.44,income,UNKNOWN_ERROR
2021-09-23,C011,4182.67,income,Partial
2021-10-07,C013,4063.35,income,Service
2021-10-05,,5987.08,income,Service
2021-09-17,C017,4852.3,income,Partial
2021-09-21,C017,7278.45,income,Partial
2021-09-17,C017,12130.76,income,UNKNOWN_ERROR
2021-09-16,C018,6551.38,income,Service
2021-10-01,C019,2331.72,income,Service
2021-09-29,C020,2552.01,income,Service
2021-10-09,C021,4371.39,income,UNKNOWN_ERROR
2021-09-16,C022,2530.24,income,Service
2021-10-13,C023,750.84,income,Service
2021-09-28,C024,14879.4,income,Service
2021-10-13,C025,8923.54,income,Service
2021-09-28,C027,2922.44,income,Service
2021-09-03,C028,12366.99,income,Service
2021-10-14,C030,6462.43,income,Service
2021-09-26,C031,3596.89,income,Service
2021-09-21,C032,6973.3,income,Service
2021-09-03,C033,7008.04,income,UNKNOWN_ERROR
2021-09-03,C033,7008.04,income,Service
2021-09-11,C034,4926.65,income,UNKNOWN_ERROR
2021-09-18,C035,872.34,income,Partial
2021-09-22,C035,1308.51,income,Partial
2021-09-10,C036,3479.99,income,Service
2021-09-16,C038,3874.92,income,Service
2021-09-03,C040,4548.72,income,Service
2021-10-09,C041,2327.47,income,Partial
2021-10-13,C041,3491.2,income,Partial
2021-09-06,C043,4640.57,income,Service
2021-10-07,C044,5863.99,income,Service
2021-09-07,C046,4360.91,income,Service
2021-09-15,C055,9760.72,income,Service
2021-09-07,C056,6068.53,income,Partial
2021-09-11,C056,9102.79,income,Partial
2021-10-07,C058,6570.32,income,Service
2021-09-28,C063,9003.12,income,Service
2021-09-18,C064,10764.29,income,Service
2021-09-13,C068,5584.48,income,Service
2021-09-17,C071,7539.31,income,Service
2021-10-16,C072,11559.49,income,Service
2021-09-03,C078,556.62,income,Service
2021-09-24,C086,5354.94,income,Partial
2021-09-28,C086,8032.41,income,Partial
2021-10-11,C087,6177.56,income,Service
2021-09-06,C088,4778.29,income,Service
2021-09-22,C100,2249.56,income,Service
2021-10-01,SELF,1200.0,expense,Rent
2021-10-10,SELF,4637.0,expense,Operations
2021-10-12,,3421.0,expense,Contractor
2021-10-07,C001,3647.32,income,Service
2021-10-13,C002,4083.93,income,Service
2021-10-24,C003,1859.79,income,Service
2021-11-07,C004,2645.31,income,UNKNOWN_ERROR
2021-11-11,C004,3967.97,income,Partial
2021-11-04,,11530.26,income,Service
2021-11-10,C006,10439.59,income,Service
2021-10-11,C007,2863.52,income,Partial
2021-10-15,C007,4295.28,income,Partial
2021-10-29,C008,4230.11,income,Service
2021-10-14,C009,11840.58,income,Service
2021-10-25,C010,7899.74,income,Service
2021-10-29,C015,8820.35,income,Service
2021-10-22,C016,10985.44,income,Service
2021-10-24,C017,9002.59,income,Service
2021-10-23,C020,3325.3,income,Service
2021-10-08,C021,1634.11,income,Partial
2021-10-12,C021,2451.16,income,Partial
2021-11-14,C022,3913.95,income,Service
2021-11-04,C023,351.44,income,Partial
2021-11-08,C023,527.17,income,Partial
2021-10-13,C024,3104.32,income,UNKNOWN_ERROR
2021-10-17,C024,4656.49,income,UNKNOWN_ERROR
2021-10-17,C026,7115.22,income,Service
2021-11-02,C027,4852.56,income,Service
2021-10-12,C028,4930.11,income,Partial
2021-10-16,C028,7395.16,income,Partial
2021-11-05,C030,1324.47,income,Partial
2021-11-09,,1986.71,income,Partial
2021-11-10,C031,1742.98,income,Service
2021-10-29,C033,14241.15,income,Service
2021-11-04,C035,2213.98,income,Service
2021-10-22,C036,2627.34,income,Service
2021-10-14,C040,1292.15,income,Partial
2021-10-18,C040,1938.23,income,Partial
2021-10-11,C043,6361.1,income,Service
2021-10-20,,7655.31,income,UNKNOWN_ERROR
2021-10-06,C045,3682.34,income,Partial
2021-10-10,C045,5523.51,income,Partial
2021-10-04,,6727.14,income,Service
2021-10-04,C048,6727.14,income,Service
2021-10-09,C049,2956.1,income,UNKNOWN_ERROR
2021-10-13,C049,4434.14,income,Partial
2021-11-11,C050,6046.98,income,Service
2021-10-04,C056,5384.47,income,Partial
2021-10-08,C056,8076.71,income,Partial
2021-10-05,C059,5999.72,income,Service
2021-10-25,C063,5966.83,income,Service
2021-10-16,C066,4142.47,income,Service
2021-11-14,C068,6856.78,income,Service
2021-11-03,C071,1629.45,income,Partial
2021-11-07,C071,2444.18,income,Partial
2021-10-02,C072,11978.02,income,Service
2021-10-06,C074,8730.32,income,Service
2021-10-09,C079,4909.14,income,Service
2021-11-14,C080,13775.43,income,Service
2021-10-08,C087,5815.91,income,Service
2021-10-15,C092,2194.91,income,Partial
2021-10-19,C092,3292.37,income,Partial
2021-10-13,C098,6715.1,income,Service
2021-10-26,C099,2308.94,income,Service
2021-11-01,C100,1829.53,income,Service
2021-11-01,SELF,1200.0,expense,Rent
2021-11-16,SELF,3051.0,expense,Operations
2021-12-13,C001,3885.22,income,Service
2021-11-12,C002,1716.54,income,Partial
2021-11-16,C002,2574.8,income,Partial
2021-11-10,C003,1975.27,income,Service
2021-12-07,C005,12524.24,income,Service
2021-11-05,C006,10771.82,income,Service
2021-11-03,C007,2862.52,income,UNKNOWN_ERROR
2021-11-07,C007,4293.78,income,UNKNOWN_ERROR
2021-12-09,C008,3941.49,income,Service
2021-11-17,C009,11189.44,income,Service
2021-11-20,C010,7661.25,income,Service
2021-11-04,C011,7904.35,income,Service
2021-11-04,C012,9215.49,income,Service
2021-11-26,C014,6632.79,income,Service
2021-11-07,C016,5564.61,income,Service
2021-12-03,C018,5673.5,income,Service
2021-12-09,C019,3267.07,income,Service
2021-11-18,C020,2767.58,income,Service
2021-11-21,C021,2361.53,income,Service
2021-12-06,C023,1074.15,income,Service
2021-11-15,C024,3541.41,income,Partial
2021-11-19,C024,5312.12,income,Partial
2021-11-19,C026,4040.08,income,Service
2021-11-20,C028,9860.76,income,Service
2021-11-14,C029,709.93,income,Partial
2021-11-18,C029,1064.89,income,Partial
2021-11-15,C031,3363.88,income,Service
2021-12-02,C032,6122.92,income,Service
2021-12-06,C036,4000.57,income,Service
2021-11-29,C037,3151.46,income,Service
2021-11-06,C038,4665.99,income,Service
2021-12-04,C039,5525.85,income,Service
2021-11-14,C040,1622.79,income,Partial
2021-11-18,C040,2434.19,income,Partial
2021-11-20,C041,6553.33,income,UNKNOWN_ERROR
2021-11-20,C041,6553.33,income,Service
2021-12-08,C042,1022.76,income,UNKNOWN_ERROR
2021-12-06,C043,4563.55,income,Service
2021-12-15,C045,4619.41,income,Service
2021-12-12,C047,2727.82,income,Partial
2021-12-16,C047,4091.73,income,Partial
2021-12-11,,7113.56,income,Service
2021-11-11,C049,6251.33,income,Service
2021-12-01,C050,1475.72,income,Partial
2021-12-05,C050,2213.58,income,Partial
2021-11-19,C051,5688.29,income,Service
2021-11-11,,8632.05,income,Service
2021-12-07,C053,6107.14,income,Service
2021-11-26,C062,4943.26,income,Service
2021-11-11,C066,1681.48,income,Service
2021-11-08,C068,5458.54,income,Partial
2021-11-12,C068,8187.8,income,Partial
2021-12-04,C069,543.75,income,Service
2021-12-12,C070,2200.59,income,Service
2021-11-14,C085,11474.96,income,UNKNOWN_ERROR
2021-11-22,C092,879.21,income,Partial
2021-11-26,C092,1318.82,income,Partial
2021-12-03,C097,15906.68,income,Service
2021-12-01,SELF,1200.0,expense,Rent
2021-12-12,SELF,4125.0,expense,Operations
2021-12-14,,3716.8,income,Service
2021-12-16,,4117.3,income,Service
2022-01-11,C003,1970.32,income,Service
2022-01-09,C004,6692.12,income,Service
2021-12-31,C005,11718.77,income,Service
2021-12-29,C006,4382.77,income,Partial
2022-01-02,C006,6574.15,income,Partial
2021-12-03,C007,7235.46,income,Service
2022-01-11,,4013.02,income,Service
2022-01-13,,11369.33,income,Service
2021-12-22,C010,7895.31,income,Service
2021-12-05,C012,12679.27,income,Service
2022-01-15,C014,3657.09,income,Service
2021-12-06,C019,3300.55,income,Service
2021-12-24,C020,4374.62,income,Service
2021-12-06,,2419.33,income,Service
2021-12-28,C023,1018.29,income,Service
2021-12-16,C025,7499.54,income,Service
2022-01-01,C026,6257.86,income,Service
2022-01-14,C028,6679.27,income,Service
2021-12-15,C029,1508.2,income,Service
2021-12-24,C031,2422.49,income,Service
2021-12-06,C032,7280.15,income,Service
2021-12-02,C033,7208.55,income,UNKNOWN_ERROR
2022-01-14,C035,2083.48,income,Service
2021-12-16,C036,1315.73,income,Partial
2021-12-20,C036,1973.6,income,Partial
2021-12-18,C037,1272.74,income,Partial
2021-12-22,C037,1909.1,income,Partial
2021-12-31,C039,5348.31,income,Service
2021-12-21,C042,849.68,income,Service
2021-12-22,C047,6471.7,income,Service
2021-12-30,C050,4020.58,income,Service
2022-01-09,C053,7591.66,income,Service
2022-01-15,C060,8058.53,income,Service
2021-12-15,C062,7370.4,income,Service
2021-12-15,C062,7370.4,income,Service
2021-12-04,C064,2974.64,income,Service
2022-01-11,C067,2472.47,income,Partial
2022-01-15,C067,3708.7,income,Partial
2021-12-10,C071,1886.73,income,Service
2021-12-24,C072,3313.93,income,Partial
2021-12-28,C072,4970.89,income,Partial
2022-01-05,C074,13147.11,income,Service
2021-12-15,C076,1140.02,income,Service
2021-12-03,C077,1626.7,income,Service
2021-12-20,,15836.11,income,Service
2022-01-14,,1171.1,income,Partial
2022-01-18,C081,1756.65,income,Partial
2021-12-21,C086,10991.04,income,Service
2021-12-14,C088,9823.28,income,Service
2021-12-30,C100,1924.97,income,Service
2022-01-01,SELF,1200.0,expense,Rent
2022-01-08,SELF,1858.0,expense,Operations
2022-01-18,SELF,3353.0,expense,Hardware
2022-01-13,C001,1544.0,income,Partial
2022-01-17,C001,2316.0,income,Partial
2022-02-15,C002,4474.21,income,Service
2022-01-28,C003,774.31,income,Partial
2022-02-01,C003,1161.47,income,Partial
2022-02-09,C004,6680.42,income,Service
2022-02-06,C005,12437.3,income,Service
2022-01-16,C006,11198.39,income,Service
2022-01-24,C007,7425.26,income,Service
2022-01-25,C008,4025.71,income,Service
2022-01-24,C009,11145.93,income,Service
2022-01-29,C010,8355.17,income,Service
2022-01-19,C011,4087.29,income,UNKNOWN_ERROR
2022-01-26,C012,12285.45,income,Service
2022-01-05,C013,6158.06,income,UNKNOWN_ERROR
2022-02-05,C014,3363.34,income,Service
2022-02-12,C015,6613.38,income,Service
2022-01-06,C018,4234.21,income,Partial
2022-01-10,C018,6351.31,income,Partial
2022-01-06,,10585.52,income,Service
2022-02-03,C020,3637.12,income,UNKNOWN_ERROR
2022-02-01,C021,1048.94,income,UNKNOWN_ERROR
2022-02-05,C021,1573.41,income,Partial
2022-01-18,C022,2680.61,income,Service
2022-01-04,C024,8699.42,income,Service
2022-02-12,C026,3891.96,income,Service
2022-02-02,C028,6712.33,income,Service
2022-01-08,C029,490.9,income,Partial
2022-01-12,C029,736.34,income,Partial
2022-01-11,C030,4077.6,income,Service
2022-01-04,,2696.47,income,Service
2022-01-23,C036,2090.6,income,Service
2022-02-10,C038,2893.71,income,Service
2022-01-13,C039,3653.65,income,Service
2022-01-04,C041,7051.2,income,Service
2022-01-24,C042,1470.15,income,Service
2022-02-11,C043,4158.81,income,Service
2022-02-10,C044,7872.21,income,Service
2022-02-05,C046,1241.32,income,Partial
2022-02-09,C046,1861.99,income,Partial
2022-01-27,C048,1902.01,income,UNKNOWN_ERROR
2022-01-31,C048,2853.01,income,Partial
2022-01-30,C049,4534.98,income,Service
2022-01-19,C050,3677.08,income,Service
2022-01-06,C053,5558.41,income,Service
2022-01-03,C058,3862.07,income,Service
2022-01-31,C062,8903.94,income,Service
2022-01-17,C063,5728.86,income,Service
2022-01-17,C068,4828.01,income,Partial
2022-01-21,C068,7242.02,income,Partial
2022-01-12,C078,1832.99,income,Service
2022-01-17,,1823.79,income,UNKNOWN_ERROR
2022-01-19,C080,4899.81,income,Partial
2022-01-23,,7349.72,income,Partial
2022-01-13,C083,6670.4,income,Service
2022-02-01,C093,1249.3,income,Service
2022-02-05,C096,8408.26,income,Service
2022-02-02,C097,4096.36,income,Partial
2022-02-06,C097,6144.54,income,Partial
2022-01-13,C100,429.19,income,Service
2022-02-01,SELF,1200.0,expense,Rent
2022-02-06,SELF,1130.0,expense,Operations
2022-02-02,SELF,6278.0,expense,Contractor
2022-02-02,C001,1538.35,income,Partial
2022-02-06,C001,2307.53,income,Partial
2022-02-02,C002,4077.13,income,Service
2022-02-21,,784.77,income,Partial
2022-02-25,C003,1177.16,income,Partial
2022-02-21,C004,2812.71,income,Partial
2022-02-25,C004,4219.06,income,Partial
2022-02-07,,4233.81,income,Partial
2022-02-11,C006,6350.71,income,Partial
2022-02-14,C007,7272.21,income,Service
2022-02-10,,3906.2,income,Service
2022-03-12,C009,11599.23,income,Service
2022-03-18,C010,3359.46,income,Partial
2022-03-22,C010,5039.18,income,Partial
2022-02-28,C011,7468.99,income,Service
2022-02-16,C013,4284.72,income,Service
2022-02-13,C014,5854.31,income,Service
2022-02-20,C015,7633.72,income,UNKNOWN_ERROR
2022-03-17,C016,3449.56,income,Partial
2022-03-21,C016,5174.33,income,Partial
2022-03-09,C018,7844.92,income,Service
2022-03-13,C022,1455.06,income,Partial
2022-03-17,C022,2182.59,income,Partial
2022-02-05,C023,600.68,income,Service
2022-03-07,C025,8318.37,income,Service
2022-02-10,C026,6119.15,income,Service
2022-03-05,C028,2190.53,income,Partial
2022-03-09,C028,3285.8,income,Partial
2022-02-08,C029,1128.22,income,Service
2022-02-23,C031,2346.22,income,Service
2022-02-08,C035,2430.78,income,Service
2022-02-24,C037,2362.98,income,Service
2022-02-13,C039,5916.05,income,Service
2022-03-18,C042,446.58,income,Partial
2022-03-22,C042,669.87,income,Partial
2022-02-24,,6365.57,income,Service
2022-03-03,C044,6731.48,income,Service
2022-02-26,C045,4590.96,income,Service
2022-03-15,C046,2403.07,income,Service
2022-02-17,C047,7051.27,income,Service
2022-03-06,C049,3799.95,income,Service
2022-03-09,C050,5317.68,income,Service
2022-03-11,C051,12255.14,income,Service
2022-02-22,C052,8474.01,income,Service
2022-03-16,C053,6446.03,income,Service
2022-03-10,C055,19483.25,income,Service
2022-02-09,C062,4717.88,income,Partial
2022-02-13,C062,7076.82,income,Partial
2022-02-18,C064,5575.66,income,UNKNOWN_ERROR
2022-02-02,C066,2882.92,income,Service
2022-03-11,C067,1023.7,income,Service
2022-02-03,C070,1564.78,income,Service
2022-02-23,C072,12135.15,income,Service
2022-03-08,C073,1870.12,income,UNKNOWN_ERROR
2022-03-18,C074,6285.48,income,Service
2022-02-06,C076,596.69,income,Service
2022-03-01,C079,8956.31,income,UNKNOWN_ERROR
2022-03-12,C080,8770.99,income,Service
2022-02-12,C081,3657.31,income,Service
2022-02-26,C086,11295.58,income,Service
2022-02-19,C091,1440.95,income,UNKNOWN_ERROR
2022-02-23,C091,2161.42,income,Partial
2022-03-08,C092,3936.2,income,Service
2022-03-07,,1050.71,income,Service
2022-02-05,,1967.91,income,Service
2022-03-01,SELF,1200.0,expense,Rent
2022-03-03,SELF,2590.0,expense,Operations
2022-03-19,C001,3661.87,income,Service
2022-03-17,C002,4170.93,income,UNKNOWN_ERROR
2022-03-08,,1861.51,income,Service
2022-04-03,,6787.37,income,Service
2022-04-04,C005,12500.22,income,Service
2022-04-15,C008,3865.79,income,Service
2022-04-03,,12146.86,income,Service
2022-03-20,C010,8149.54,income,Service
2022-03-14,C011,2708.08,income,Partial
2022-03-18,C011,4062.12,income,Partial
2022-03-26,,2728.64,income,Partial
2022-03-30,C013,4092.96,income,Partial
2022-04-13,C017,5094.44,income,Service
2022-03-16,C018,10390.57,income,Service
2022-03-17,C019,617.55,income,Partial
2022-03-21,C019,926.32,income,Partial
2022-03-29,C020,2695.14,income,Service
2022-03-05,C021,1565.86,income,UNKNOWN_ERROR
2022-03-09,C021,2348.78,income,Partial
2022-04-12,C022,4404.23,income,Service
2022-04-15,C032,2837.07,income,Partial
2022-04-19,C032,4255.61,income,Partial
2022-03-15,C037,3824.34,income,Service
2022-03-22,C039,5963.26,income,Service
2022-04-01,C040,2974.94,income,UNKNOWN_ERROR
2022-03-19,C042,1310.71,income,Service
2022-03-20,C043,7342.44,income,Service
2022-03-20,C045,3374.31,income,Partial
2022-03-24,C045,5061.47,income,UNKNOWN_ERROR
2022-04-06,C047,6746.81,income,Service
2022-04-07,,3134.72,income,Partial
2022-04-11,C048,4702.08,income,Partial
2022-04-07,C049,1895.58,income,Partial
2022-04-11,C049,2843.37,income,Partial
2022-03-28,C050,7428.94,income,Service
2022-03-02,C051,1520.63,income,Partial
2022-03-06,C051,2280.94,income,Partial
2022-03-20,C055,3373.89,income,Service
2022-04-04,C058,8108.6,income,Partial
2022-04-08,C058,12162.9,income,Partial
2022-04-04,C058,20271.51,income,Service
2022-04-10,,7771.42,income,Service
2022-03-13,C067,1608.08,income,Partial
2022-03-17,C067,2412.11,income,UNKNOWN_ERROR
2022-03-05,C070,2364.24,income,Partial
2022-03-09,C070,3546.35,income,Partial
2022-04-06,C071,9570.8,income,Service
2022-03-13,C072,4210.54,income,Partial
2022-03-17,C072,6315.81,income,UNKNOWN_ERROR
2022-04-15,C073,4243.37,income,Partial
2022-04-19,C073,6365.05,income,Partial
2022-04-10,C075,14839.9,income,Service
2022-04-13,C083,11188.17,income,Service
2022-03-23,C088,2865.34,income,UNKNOWN_ERROR
2022-03-04,C090,15677.31,income,Service
2022-03-18,C091,2900.91,income,Service
2022-04-03,C094,5210.54,income,Partial
2022-04-07,C094,7815.81,income,Partial
2022-04-01,SELF,1200.0,expense,Rent
2022-04-06,SELF,4726.0,expense,Operations
2022-04-19,C001,1475.99,income,Partial
2022-04-23,C001,2213.98,income,Partial
2022-04-25,C003,1847.31,income,Service
2022-05-06,C004,7074.01,income,Service
2022-04-22,C005,12541.37,income,Service
2022-04-27,C006,10573.79,income,Service
2022-04-04,C007,7596.86,income,Service
2022-05-04,C008,4089.19,income,Service
2022-05-06,C009,11323.1,income,Service
2022-05-07,C010,8285.07,income,Service
2022-05-09,C011,6764.96,income,UNKNOWN_ERROR
2022-04-14,C012,12191.55,income,Service
2022-04-14,C012,12191.55,income,Service
2022-05-13,C013,4403.96,income,Service
2022-05-11,C015,5555.97,income,Service
2022-05-11,C015,5555.97,income,Service
2022-04-29,C020,3522.31,income,Service
2022-04-21,C022,1188.56,income,Partial
2022-04-25,C022,1782.84,income,Partial
2022-05-02,C025,5227.38,income,Service
2022-04-15,C026,2883.83,income,Partial
2022-04-19,C026,4325.74,income,Partial
2022-04-19,C028,11116.95,income,Service
2022-05-15,C029,1907.6,income,Service
2022-04-16,C032,5591.65,income,Service
2022-04-05,C033,9006.47,income,Service
2022-04-04,C035,1950.35,income,Service
2022-04-05,C036,2614.76,income,Service
2022-04-18,C037,1996.57,income,Service
2022-04-22,C041,2727.13,income,Partial
2022-04-26,,4090.69,income,Partial
2022-04-24,C043,7381.0,income,Service
2022-05-04,C047,2450.67,income,Partial
2022-05-08,C047,3676.01,income,Partial
2022-05-10,C049,4991.6,income,Service
2022-05-15,,4117.53,income,Service
2022-04-09,C059,1222.11,income,Service
2022-04-10,C064,4533.59,income,Service
2022-05-05,C067,6043.4,income,Service
2022-04-15,C069,1112.67,income,Service
2022-05-15,C071,3581.18,income,Service
2022-04-08,C072,13743.66,income,Service
2022-04-08,C074,15450.56,income,Service
2022-04-12,C078,1749.27,income,Service
2022-04-30,C086,3576.08,income,Partial
2022-05-04,,5364.12,income,Partial
2022-05-15,C087,5814.33,income,Service
2022-04-16,C092,7113.24,income,Service
2022-04-22,C093,367.7,income,Partial
2022-04-26,C093,551.55,income,Partial
2022-04-08,C094,2266.78,income,UNKNOWN_ERROR
2022-04-12,C094,3400.18,income,Partial
2022-05-01,,1200.0,expense,Rent
2022-05-12,SELF,3156.0,expense,Operations
2022-05-20,C001,3599.8,income,Service
2022-06-12,C002,4094.99,income,Service
2022-05-15,C003,1870.24,income,Service
2022-05-18,C004,6890.55,income,UNKNOWN_ERROR
2022-05-18,C004,6890.55,income,Service
2022-06-02,C005,12408.1,income,Service
2022-06-03,C006,10861.58,income,Service
2022-06-14,C007,7437.7,income,Service
2022-05-06,C008,4192.57,income,Service
2022-05-25,C009,11295.95,income,Service
2022-06-06,C010,7919.79,income,Service
2022-05-29,C011,5137.2,income,Service
2022-05-24,C012,12107.1,income,Service
2022-06-13,C014,3403.44,income,Service
2022-05-22,C015,9216.72,income,Service
2022-06-15,C018,10154.54,income,UNKNOWN_ERROR
2022-05-08,C019,1685.5,income,Service
2022-06-02,C020,3842.05,income,UNKNOWN_ERROR
2022-05-19,C021,1160.9,income,Partial
2022-05-23,C021,1741.35,income,UNKNOWN_ERROR
2022-06-07,C022,1260.72,income,Partial
2022-06-11,C022,1891.09,income,Partial
2022-05-04,C023,984.22,income,UNKNOWN_ERROR
2022-05-18,C025,6748.17,income,Service
2022-05-13,C026,3110.65,income,Partial
2022-05-17,C026,4665.97,income,Partial
2022-06-05,C029,1745.0,income,Service
2022-06-05,C031,2990.38,income,Service
2022-06-02,C032,6723.36,income,Service
2022-06-14,C033,13045.71,income,Service
2022-06-11,C035,1585.1,income,Service
2022-05-30,C036,4563.96,income,Service
2022-06-03,C037,729.49,income,Partial
2022-06-07,C037,1094.23,income,Partial
2022-05-18,C039,5695.03,income,Service
2022-06-11,C040,2251.04,income,Service
2022-05-12,C041,5287.26,income,Service
2022-05-10,C043,2379.48,income,Partial
2022-05-14,C043,3569.22,income,Partial
2022-06-14,C045,3216.36,income,Partial
2022-06-18,C045,4824.54,income,UNKNOWN_ERROR
2022-06-02,C048,4232.34,income,Service
2022-05-29,C055,9831.02,income,Service
2022-06-01,C058,3916.61,income,Service
2022-05-24,C061,3369.41,income,Service
2022-05-12,C062,5308.4,income,Service
2022-05-11,C064,4038.01,income,UNKNOWN_ERROR
2022-05-09,C066,901.74,income,Partial
2022-05-13,C066,1352.61,income,Partial
2022-05-15,C067,3470.23,income,Service
2022-05-19,C071,4150.66,income,Service
2022-05-10,C076,1072.95,income,Service
2022-06-01,,11758.75,income,Service
2022-05-04,C081,2225.96,income,Partial
2022-05-08,C081,3338.94,income,Partial
2022-05-07,C084,2763.83,income,Service
2022-06-05,C092,4581.19,income,Service
2022-05-25,C099,2094.17,income,Service
2022-06-01,SELF,1200.0,expense,Rent
2022-06-07,SELF,4850.0,expense,UNKNOWN_ERROR
2022-06-19,C001,3694.57,income,Service
2022-06-04,,740.08,income,Partial
2022-06-08,C003,1110.11,income,UNKNOWN_ERROR
2022-07-04,C004,6551.35,income,Service
2022-07-03,C005,11879.4,income,Service
2022-06-07,C006,4469.77,income,Partial
2022-06-11,C006,6704.65,income,Partial
2022-07-02,C007,7292.46,income,Service
2022-06-21,C008,4082.39,income,Service
2022-06-04,C009,11670.02,income,Service
2022-07-09,C010,8375.69,income,Service
2022-06-16,C011,4953.43,income,UNKNOWN_ERROR
2022-06-22,C012,9375.87,income,Service
2022-06-22,C012,9375.87,income,Service
2022-07-07,C013,3971.7,income,Service
2022-07-03,C014,1573.07,income,UNKNOWN_ERROR
2022-07-07,C014,2359.61,income,Partial
2022-07-12,C015,7330.15,income,Service
2022-06-06,C016,3096.61,income,Partial
2022-06-10,C016,4644.92,income,Partial
2022-06-12,C020,3310.86,income,Service
2022-06-20,C021,895.9,income,Partial
2022-06-24,C021,1343.85,income,Partial
2022-07-04,C023,918.48,income,UNKNOWN_ERROR
2022-07-08,C025,6694.75,income,Service
2022-07-11,C026,1448.96,income,Partial
2022-07-15,C026,2173.45,income,Partial
2022-06-20,C030,2524.57,income,Service
2022-07-07,C033,10126.13,income,Service
2022-06-19,C036,3227.82,income,Service
2022-06-17,C037,3946.5,income,Service
2022-06-06,C041,6530.32,income,Service
2022-07-03,C043,5369.66,income,Service
2022-06-22,C044,7428.83,income,Service
2022-07-15,C046,3863.03,income,Service
2022-07-09,C048,7256.87,income,Service
2022-06-09,C049,5318.24,income,UNKNOWN_ERROR
2022-06-26,C055,5447.01,income,Service
2022-07-01,,15283.66,income,Service
2022-06-04,C071,2908.31,income,UNKNOWN_ERROR
2022-07-05,C077,1567.63,income,Service
2022-06-02,C093,1039.79,income,Service
2022-07-01,SELF,1200.0,expense,Rent
2022-07-08,SELF,2878.0,expense,Operations
2022-08-02,C001,3615.15,income,Service
2022-07-11,C002,4126.48,income,Service
2022-08-10,C003,1960.53,income,Service
2022-08-02,C004,2579.35,income,Partial
2022-08-06,C004,3869.02,income,Partial
2022-07-26,C005,4992.33,income,Partial
2022-07-30,C005,7488.5,income,Partial
2022-07-16,C006,10908.68,income,Service
2022-08-15,C007,7368.61,income,Service
2022-07-21,C008,1645.72,income,UNKNOWN_ERROR
2022-07-25,C008,2468.58,income,Partial
2022-08-04,C009,4740.97,income,Partial
2022-08-08,C009,7111.45,income,UNKNOWN_ERROR
2022-07-18,,8125.63,income,UNKNOWN_ERROR
2022-07-31,C011,4112.9,income,Service
2022-08-10,C013,4075.77,income,Service
2022-08-01,C015,6681.91,income,Service
2022-08-14,C018,6097.6,income,Service
2022-07-06,C023,852.55,income,Service
2022-07-04,C025,2852.09,income,Partial
2022-07-08,C025,4278.13,income,Partial
2022-08-05,C026,2468.75,income,Partial
2022-08-09,C026,3703.12,income,Partial
2022-07-14,C028,11525.45,income,Service
2022-07-29,C029,1948.19,income,Service
2022-07-23,C032,6541.49,income,Service
2022-08-08,C033,7777.91,income,Service
2022-07-16,C036,3013.12,income,Service
2022-08-01,C037,1434.49,income,Partial
2022-08-05,C037,2151.74,income,Partial
2022-07-11,C039,2189.19,income,Partial
2022-07-15,C039,3283.79,income,Partial
2022-07-09,C041,6864.7,income,Service
2022-07-09,C042,1733.88,income,UNKNOWN_ERROR
2022-08-10,C043,6839.41,income,Service
2022-07-31,C044,4383.47,income,Service
2022-07-13,C045,2857.0,income,UNKNOWN_ERROR
2022-07-17,C045,4285.5,income,Partial
2022-07-19,C047,4940.13,income,Service
2022-07-15,C048,4411.08,income,Service
2022-08-06,C064,6053.47,income,Service
2022-07-22,C068,12333.62,income,Service
2022-08-11,C070,2319.34,income,Service
2022-07-28,,4097.69,income,Partial
2022-08-01,C073,6146.53,income,UNKNOWN_ERROR
2022-07-02,C077,479.0,income,Service
2022-08-01,C087,1706.71,income,Partial
2022-08-05,C087,2560.06,income,UNKNOWN_ERROR
2022-07-21,C091,3796.41,income,Service
2022-07-08,C092,1074.92,income,UNKNOWN_ERROR
2022-07-08,C093,269.22,income,UNKNOWN_ERROR
2022-08-04,C094,4788.98,income,Service
2022-08-05,C096,18367.63,income,Service
2022-08-01,SELF,1200.0,expense,Rent
2022-08-10,SELF,3824.0,expense,UNKNOWN_ERROR
2022-08-05,SELF,7669.0,expense,Contractor
2022-08-19,C001,3627.85,income,Service
2022-09-03,C003,1859.76,income,Service
2022-08-13,C004,6772.28,income,Service
2022-08-30,C005,12410.01,income,UNKNOWN_ERROR
2022-08-10,C006,11174.82,income,UNKNOWN_ERROR
2022-08-22,C007,7127.1,income,UNKNOWN_ERROR
2022-08-04,C008,3918.37,income,Service
2022-08-14,C009,11499.18,income,Service
2022-08-08,C010,8305.72,income,Service
2022-08-21,C011,5987.67,income,UNKNOWN_ERROR
2022-08-21,C011,5987.67,income,Service
2022-08-24,C013,5963.33,income,Service
2022-08-30,,3617.96,income,Service
2022-08-25,C015,3134.22,income,Partial
2022-08-29,C015,4701.33,income,Partial
2022-08-09,C018,11065.21,income,Service
2022-08-22,C021,2371.27,income,Service
2022-09-12,C022,922.81,income,Partial
2022-09-16,C022,1384.21,income,UNKNOWN_ERROR
2022-09-15,C028,3484.32,income,UNKNOWN_ERROR
2022-09-19,,5226.48,income,Partial
2022-09-10,C031,2043.09,income,Service
2022-08-07,C032,6647.25,income,Service
2022-08-06,C033,10951.02,income,Service
2022-09-13,C036,2816.88,income,Service
2022-09-08,,3174.34,income,Service
2022-09-15,C039,5178.16,income,Service
2022-08-17,C042,1430.14,income,Service
2022-08-16,C043,5921.43,income,UNKNOWN_ERROR
2022-08-08,C044,8075.92,income,Service
2022-08-23,C045,4160.47,income,Service
2022-08-24,C047,3513.09,income,Partial
2022-08-28,C047,5269.64,income,Partial
2022-08-10,C050,4006.57,income,Service
2022-08-10,C050,4006.57,income,Service
2022-08-13,C053,3051.07,income,Partial
2022-08-17,C053,4576.61,income,Partial
2022-08-04,C067,6734.67,income,Service
2022-08-28,C068,4564.04,income,Partial
2022-09-01,C068,6846.07,income,Partial
2022-08-20,C071,3678.53,income,Partial
2022-08-24,,5517.8,income,Partial
2022-08-12,C078,1680.09,income,Service
2022-09-08,C083,3150.78,income,Partial
2022-09-12,C083,4726.17,income,Partial
2022-09-07,C086,6628.53,income,Service
2022-08-09,C087,3250.43,income,Service
2022-08-19,C090,12831.09,income,Service
2022-08-11,C099,2519.28,income,Service
2022-09-01,SELF,1200.0,expense,Rent
2022-09-08,SELF,3556.0,expense,Operations
2022-09-04,,7808.0,expense,Contractor
2022-09-05,C001,3629.32,income,Service
2022-09-30,,1693.72,income,Partial
2022-10-04,C002,2540.58,income,Partial
2022-10-05,C003,744.41,income,Partial
2022-10-09,C003,1116.62,income,Partial
2022-10-13,C005,12004.87,income,Service
2022-10-10,C006,10798.97,income,Service
2022-10-15,C007,7600.64,income,Service
2022-10-05,C008,4055.49,income,Service
2022-09-30,C009,11313.15,income,Service
2022-10-15,C010,3294.47,income,Partial
2022-10-19,C010,4941.71,income,UNKNOWN_ERROR
2022-09-02,C011,8421.17,income,Service
2022-10-08,C013,3009.9,income,Service
2022-09-22,C014,4089.96,income,Service
2022-09-14,C015,2516.04,income,Partial
2022-09-18,C015,3774.05,income,Partial
2022-09-19,C020,3650.23,income,Service
2022-10-05,C021,4141.67,income,Service
2022-10-05,C021,4141.67,income,Service
2022-09-03,C022,2247.19,income,Service
2022-09-19,C023,1209.04,income,Service
2022-09-22,C026,5527.53,income,Service
2022-09-19,C029,1416.11,income,Service
2022-10-08,C031,1939.13,income,Service
2022-09-10,C033,9760.93,income,Service
2022-09-06,C035,2461.93,income,Service
2022-10-16,C036,3865.19,income,Service
2022-09-29,C037,3937.05,income,Service
2022-09-16,C040,2882.07,income,Service
2022-10-13,C043,4973.57,income,Service
2022-10-05,C044,4718.39,income,Service
2022-10-10,C045,2119.62,income,UNKNOWN_ERROR
2022-10-14,C045,3179.43,income,Partial
2022-10-05,C046,1064.97,income,Partial
2022-10-09,C046,1597.46,income,Partial
2022-09-02,C047,5583.57,income,Service
2022-09-29,C048,4409.32,income,Service
2022-10-01,C049,2414.0,income,Partial
2022-10-05,C049,3621.0,income,Partial
2022-09-12,C052,8842.53,income,Service
2022-09-05,C053,7922.85,income,Service
2022-10-11,C055,13039.22,income,Service
2022-10-11,C055,13039.22,income,Service
2022-10-11,C058,2283.75,income,Service
2022-10-04,C061,7396.58,income,Service
2022-09-29,C062,6054.58,income,Service
2022-09-05,C065,9606.1,income,Service
2022-09-02,C067,4439.26,income,Service
2022-09-12,C076,353.17,income,Service
2022-10-12,C079,5301.84,income,Service
2022-10-03,C081,6442.86,income,Service
2022-09-08,C083,4070.29,income,Partial
2022-09-12,,6105.43,income,Partial
2022-09-04,C091,5057.26,income,Service
2022-10-04,C096,9778.51,income,Service
2022-10-13,C097,8196.15,income,Service
2022-10-01,SELF,1200.0,expense,UNKNOWN_ERROR
2022-10-16,SELF,1666.0,expense,Operations
2022-10-19,SELF,4809.0,expense,Contractor
2022-10-19,SELF,13262.0,expense,Taxes
2022-10-09,C001,1554.37,income,Partial
2022-10-13,C001,2331.56,income,Partial
2022-10-17,C004,6592.88,income,Service
2022-10-10,C005,12489.93,income,Service
2022-10-16,C006,11110.09,income,Service
2022-10-28,C007,2852.23,income,UNKNOWN_ERROR
2022-11-01,C007,4278.35,income,Partial
2022-10-20,C008,4102.24,income,Service
2022-10-24,C009,11764.08,income,Service
2022-11-13,C010,7755.57,income,Service
2022-10-27,C011,1481.35,income,Partial
2022-10-31,C011,2222.02,income,Partial
2022-10-06,C013,2196.35,income,Service
2022-10-10,C014,2223.93,income,Partial
2022-10-14,C014,3335.9,income,Partial
2022-10-06,C015,9277.82,income,Service
2022-11-15,C021,2081.07,income,Service
2022-10-25,C023,1043.5,income,Service
2022-10-02,C029,1926.79,income,Service
2022-10-31,C031,3486.56,income,Service
2022-10-10,C033,7527.86,income,Service
2022-10-08,C035,3397.74,income,Service
2022-10-31,C037,3853.85,income,Service
2022-11-13,C040,4946.71,income,Service
2022-10-18,C041,4913.63,income,Service
2022-10-08,,1158.23,income,Service
2022-11-08,C046,1868.57,income,Partial
2022-11-12,C046,2802.85,income,Partial
2022-11-05,C047,8567.01,income,Service
2022-10-09,C048,5902.85,income,Service
2022-10-20,C049,7591.2,income,Service
2022-10-04,C052,7716.64,income,Service
2022-11-03,C053,4384.09,income,Partial
2022-11-07,C053,6576.14,income,Partial
2022-10-16,C055,6879.03,income,Partial
2022-10-20,C055,10318.54,income,Partial
2022-10-28,C058,14010.0,income,Service
2022-10-05,C061,7034.22,income,UNKNOWN_ERROR
2022-10-31,C065,4153.57,income,Service
2022-11-08,C066,4548.42,income,Service
2022-10-28,C067,7280.64,income,Service
2022-10-28,C067,7280.64,income,Service
2022-10-18,C069,2786.03,income,Service
2022-11-05,C071,1465.88,income,Partial
2022-11-09,,2198.82,income,Partial
2022-10-21,C074,16089.59,income,Service
2022-10-24,C080,5897.01,income,Service
2022-11-02,C091,1667.39,income,Service
2022-10-21,C092,3826.6,income,UNKNOWN_ERROR
2022-10-05,C097,15781.32,income,Service
2022-11-01,SELF,1200.0,expense,Rent
2022-11-14,,1470.0,expense,Operations
2022-11-04,SELF,7179.0,expense,Contractor
2022-12-05,C001,3883.17,income,Service
2022-12-02,C002,1764.29,income,Partial
2022-12-06,C002,2646.44,income,Partial
2022-11-18,C003,1885.6,income,Service
2022-11-23,C004,7008.34,income,Service
2022-11-11,C005,12223.69,income,UNKNOWN_ERROR
2022-11-09,C006,10452.36,income,Service
2022-11-19,C007,7239.72,income,Service
2022-11-21,C008,4008.59,income,Service
2022-11-04,C009,4676.26,income,Partial
2022-11-08,C009,7014.39,income,Partial
2022-11-10,C010,8436.92,income,Service
2022-12-01,C012,2207.02,income,Partial
2022-12-05,C012,3310.53,income,Partial
2022-12-03,C013,3935.03,income,UNKNOWN_ERROR
2022-12-13,C015,9778.42,income,UNKNOWN_ERROR
2022-12-04,C018,9073.03,income,Service
2022-11-28,C021,3812.97,income,Service
2022-12-13,C022,2928.76,income,Service
2022-11-15,C023,430.14,income,Partial
2022-11-19,C023,645.2,income,Partial
2022-11-11,C025,6273.97,income,Service
2022-11-22,C026,6858.18,income,Service
2022-11-12,C031,2256.22,income,Service
2022-11-02,C033,9922.21,income,Service
2022-12-16,C035,3084.92,income,Service
2022-12-16,C035,3084.92,income,Service
2022-11-14,C036,3719.35,income,Service
2022-12-15,C040,3386.41,income,Service
2022-11-15,C042,646.66,income,Partial
2022-11-19,C042,969.99,income,Partial
2022-11-12,C043,2032.22,income,Partial
2022-11-16,C043,3048.33,income,UNKNOWN_ERROR
2022-11-24,C044,6334.99,income,Service
2022-12-01,C046,3282.2,income,Service
2022-11-20,C047,5885.6,income,Service
2022-12-06,,4752.93,income,Service
2022-12-16,C050,5957.13,income,Service
2022-11-28,C053,2955.5,income,Partial
2022-12-02,C053,4433.25,income,Partial
2022-11-29,C061,6976.3,income,Service
2022-12-11,C065,19786.76,income,Service
2022-11-30,C071,5601.31,income,Service
2022-11-22,C076,273.32,income,Service
2022-12-02,C077,1412.85,income,Service
2022-11-09,C090,12584.0,income,Service
2022-11-20,C091,1493.6,income,Partial
2022-11-24,C091,2240.39,income,Partial
2022-11-21,C092,6147.56,income,Service
2022-12-10,C093,476.62,income,Service
2022-11-21,C096,20136.73,income,UNKNOWN_ERROR
2022-12-01,SELF,1200.0,expense,Rent
2022-12-11,SELF,2112.0,expense,Operations
2022-12-07,C001,3804.35,income,Service
2023-01-10,C003,760.44,income,Partial
2023-01-14,C003,1140.65,income,Partial
2022-12-29,C004,6514.35,income,Service
2022-12-10,C005,4915.98,income,UNKNOWN_ERROR
2022-12-14,C005,7373.97,income,UNKNOWN_ERROR
2023-01-08,C006,10671.43,income,Service
2022-12-04,C008,4196.0,income,Service
2022-12-20,C009,11893.22,income,UNKNOWN_ERROR
2023-01-11,C010,8149.85,income,UNKNOWN_ERROR
2022-12-09,C011,5979.43,income,Service
2022-12-14,C014,5817.06,income,UNKNOWN_ERROR
2023-01-06,C015,6771.93,income,Service
2022-12-16,C021,4266.93,income,Service
2022-12-28,C022,1348.81,income,Partial
2023-01-01,C022,2023.21,income,Partial
2022-12-07,C023,1122.95,income,UNKNOWN_ERROR
2022-12-14,C025,9784.53,income,Service
2022-12-11,C026,7248.9,income,Service
2022-12-03,C028,9422.88,income,UNKNOWN_ERROR
2022-12-04,C031,1073.13,income,Partial
2022-12-08,C031,1609.69,income,Partial
2023-01-14,C032,9814.31,income,UNKNOWN_ERROR
2022-12-20,C035,2766.17,income,Service
2022-12-06,C036,4531.12,income,Service
2022-12-29,C040,3245.51,income,Service
2022-12-29,C041,3362.13,income,Service
2023-01-01,C043,8703.74,income,Service
2022-12-06,C045,7898.5,income,Service
2022-12-07,C046,3018.37,income,Service
2022-12-29,C047,7549.34,income,Service
2022-12-02,C048,7386.31,income,Service
2022-12-02,C048,7386.31,income,Service
2022-12-26,C049,6289.7,income,Service
2022-12-03,C053,2790.47,income,Service
2023-01-04,C066,986.34,income,Partial
2023-01-08,C066,1479.51,income,Partial
2023-01-09,C067,376.87,income,Partial
2023-01-13,,565.31,income,Partial
2023-01-09,C067,942.19,income,UNKNOWN_ERROR
2022-12-16,C078,663.35,income,Partial
2022-12-20,C078,995.02,income,Partial
2022-12-20,C083,9697.71,income,Service
2023-01-11,C094,3549.67,income,Partial
2023-01-15,C094,5324.5,income,Partial
2023-01-05,C099,4599.79,income,Service
2023-01-01,SELF,1200.0,expense,Rent
2023-01-16,SELF,4008.0,expense,Operations
2023-02-06,,3861.6,income,Service
2023-01-10,C002,4192.98,income,Service
2023-01-09,C003,1927.23,income,Service
2023-01-13,,6625.51,income,Service
2023-01-02,C005,4786.65,income,Partial
2023-01-06,C005,7179.98,income,Partial
2023-01-25,C006,10883.59,income,UNKNOWN_ERROR
2023-01-07,C007,7038.09,income,Service
2023-01-27,C008,4107.49,income,Service
2023-01-27,C009,11159.26,income,UNKNOWN_ERROR
2023-01-12,C010,3115.92,income,Partial
2023-01-16,C010,4673.88,income,Partial
2023-02-12,C011,4932.09,income,Service
2023-02-14,C012,8568.78,income,Service
2023-01-03,C014,6334.96,income,Service
2023-01-16,C015,2763.78,income,Partial
2023-01-20,C015,4145.67,income,UNKNOWN_ERROR
2023-01-23,C020,1397.41,income,Partial
2023-01-27,C020,2096.12,income,Partial
2023-02-15,C025,7042.77,income,Service
2023-01-15,C035,2527.3,income,Service
2023-01-22,C039,2162.49,income,Partial
2023-01-26,C039,3243.73,income,Partial
2023-01-31,C040,2282.47,income,Service
2023-02-11,C041,6966.42,income,UNKNOWN_ERROR
2023-01-15,C042,1388.24,income,Service
2023-02-13,C043,7592.25,income,UNKNOWN_ERROR
2023-02-14,,5644.39,income,Service
2023-02-09,C045,6121.41,income,Service
2023-02-07,C047,7171.63,income,Service
2023-02-03,C049,4843.9,income,Service
2023-02-06,C058,8647.44,income,Service
2023-02-01,C059,7349.58,income,Service
2023-02-01,C065,8868.94,income,Service
2023-02-08,C067,3712.7,income,Service
2023-02-10,C068,12002.34,income,Service
2023-02-13,C072,6278.83,income,Service
2023-02-01,C075,16794.84,income,Service
2023-01-03,C079,9682.35,income,Service
2023-02-05,C090,6278.87,income,Service
2023-01-11,C094,11563.51,income,Service
2023-02-01,SELF,1200.0,expense,Rent
2023-02-03,SELF,3155.0,expense,Operations
2023-02-15,SELF,3247.0,expense,Contractor
2023-02-17,C001,1520.32,income,Partial
2023-02-21,C001,2280.48,income,Partial
2023-02-04,C002,4096.89,income,Service
2023-02-17,C004,6864.73,income,Service
2023-02-04,C005,11690.93,income,Service
2023-02-14,C006,10436.54,income,Service
2023-02-03,C007,2856.42,income,Partial
2023-02-07,C007,4284.62,income,Partial
2023-02-13,C008,1641.53,income,Partial
2023-02-17,C008,2462.3,income,Partial
2023-03-09,C009,11686.14,income,Service
2023-03-15,C010,8229.25,income,Service
2023-02-27,C011,4925.21,income,Service
2023-03-07,C012,9517.01,income,UNKNOWN_ERROR
2023-02-06,C014,5196.08,income,Service
2023-03-14,C015,2978.95,income,Partial
2023-03-18,C015,4468.43,income,Partial
2023-03-11,C020,3570.69,income,Service
2023-02-17,C023,1031.21,income,UNKNOWN_ERROR
2023-02-27,C028,6381.98,income,Service
2023-02-20,C032,2655.85,income,Partial
2023-02-24,C032,3983.77,income,Partial
2023-02-18,C036,3941.31,income,Service
2023-02-17,C037,2035.23,income,UNKNOWN_ERROR
2023-03-17,C041,7243.21,income,Service
2023-02-22,C042,552.74,income,Partial
2023-02-26,C042,829.11,income,Partial
2023-02-09,C043,7134.78,income,Service
2023-03-09,C044,2125.11,income,Partial
2023-03-13,C044,3187.66,income,Partial
2023-03-08,C046,2196.21,income,Service
2023-02-13,C047,6523.48,income,Service
2023-02-10,C049,4892.84,income,Service
2023-02-28,C053,2735.3,income,Service
2023-02-24,C055,2743.19,income,Service
2023-03-18,C059,1886.63,income,Partial
2023-03-22,C059,2829.95,income,Partial
2023-02-23,C064,6940.34,income,Service
2023-03-17,C067,4849.26,income,Service
2023-03-05,C069,3994.96,income,Service
2023-02-22,C071,9615.06,income,Service
2023-03-12,C091,1279.51,income,Partial
2023-03-16,C091,1919.26,income,Partial
2023-02-06,C094,10687.81,income,Service
2023-03-01,SELF,1200.0,expense,Rent
2023-03-15,SELF,3555.0,expense,Operations
2023-04-14,C001,3632.44,income,UNKNOWN_ERROR
2023-03-09,C002,4322.39,income,Service
2023-03-19,C004,2747.79,income,Partial
2023-03-23,C004,4121.69,income,Partial
2023-03-16,C005,11462.63,income,Service
2023-03-20,C006,10401.17,income,Service
2023-03-12,C007,7717.98,income,Service
2023-03-09,C008,4034.79,income,Service
2023-04-15,C009,4574.58,income,Partial
2023-04-19,C009,6861.86,income,Partial
2023-04-14,C010,8059.18,income,Service
2023-03-24,C011,5840.12,income,Service
2023-03-15,C018,2414.43,income,Partial
2023-03-19,C018,3621.65,income,Partial
2023-03-12,C021,1443.48,income,Service
2023-03-11,C025,10094.14,income,Service
2023-04-10,C026,6502.01,income,Service
2023-03-05,C028,4208.08,income,Partial
2023-03-09,C028,6312.12,income,Partial
2023-04-09,C029,1413.44,income,Service
2023-04-10,C035,2289.44,income,Service
2023-03-19,C036,3497.92,income,Service
2023-04-09,C037,3488.15,income,UNKNOWN_ERROR
2023-03-19,C041,4203.95,income,Service
2023-03-19,C041,4203.95,income,Service
2023-03-17,C042,1562.66,income,Service
2023-03-11,C043,4547.91,income,Service
2023-03-16,C044,4952.66,income,Service
2023-04-13,C047,7738.39,income,Service
2023-04-07,C048,4594.23,income,Service
2023-04-02,C050,3432.04,income,Service
2023-04-15,C052,2779.5,income,Service
2023-03-16,C053,4421.56,income,Service
2023-03-08,C061,6823.69,income,Service
2023-03-28,C068,14431.35,income,Service
2023-04-07,C071,2002.42,income,UNKNOWN_ERROR
2023-04-11,C071,3003.64,income,Partial
2023-04-15,C072,7141.06,income,Service
2023-03-19,C074,3149.93,income,Service
2023-03-25,,5696.69,income,Service
2023-03-15,C088,10027.05,income,Service
2023-03-14,C094,14428.63,income,Service
2023-03-10,C098,3228.04,income,Partial
2023-03-14,C098,4842.05,income,Partial
2023-04-01,SELF,1200.0,expense,Rent
2023-04-12,SELF,3104.0,expense,Operations
2023-04-02,SELF,7082.0,expense,Contractor
2023-05-04,C001,3662.13,income,Service
2023-05-14,C002,4344.72,income,Service
2023-05-02,C003,2003.48,income,Service
2023-05-08,C004,6530.98,income,Service
2023-05-10,C005,12231.05,income,Service
2023-04-02,,10872.0,income,Service
2023-04-13,C007,2831.66,income,Partial
2023-04-17,C007,4247.49,income,Partial
2023-04-10,C008,3890.5,income,Service
2023-05-13,C009,11990.38,income,Service
2023-04-25,C010,7901.94,income,Service
2023-05-05,C011,1537.84,income,Partial
2023-05-09,C011,2306.76,income,Partial
2023-05-05,C011,3844.6,income,Service
2023-04-28,C014,6771.99,income,Service
2023-05-15,C015,6128.17,income,Service
2023-04-28,C023,450.15,income,UNKNOWN_ERROR
2023-05-02,C023,675.22,income,Partial
2023-05-02,C026,4877.36,income,Service
2023-05-02,C026,4877.36,income,Service
2023-05-12,C028,6409.59,income,Service
2023-04-18,C029,1142.95,income,Service
2023-05-01,C032,2517.41,income,Partial
2023-05-05,C032,3776.11,income,Partial
2023-05-14,C035,1315.87,income,UNKNOWN_ERROR
2023-05-18,C035,1973.81,income,Partial
2023-05-16,C039,3338.07,income,Service
2023-04-13,C044,6785.36,income,Service
2023-04-23,C045,8871.43,income,Service
2023-04-18,C047,7102.29,income,Service
2023-04-28,C048,1606.58,income,Partial
2023-05-02,C048,2409.86,income,Partial
2023-05-09,C049,4319.32,income,Service
2023-04-26,C050,5208.38,income,Service
2023-04-29,C059,1020.62,income,Partial
2023-05-03,C059,1530.94,income,Partial
2023-04-13,C061,11754.08,income,Service
2023-04-28,C066,586.71,income,Partial
2023-05-02,C066,880.06,income,Partial
2023-05-13,C068,1235.75,income,Partial
2023-05-17,C068,1853.62,income,Partial
2023-04-23,C074,12949.96,income,Service
2023-05-10,C077,780.86,income,Service
2023-04-19,C081,3350.47,income,UNKNOWN_ERROR
2023-04-16,C091,1444.75,income,UNKNOWN_ERROR
2023-05-01,,1200.0,expense,Rent
2023-05-06,SELF,2434.0,expense,Operations
2023-05-03,SELF,7540.0,expense,Contractor
2023-05-06,C001,3847.77,income,UNKNOWN_ERROR
2023-05-17,C002,4173.89,income,Service
2023-06-03,C003,1975.05,income,Service
2023-06-01,C004,6689.47,income,Service
2023-05-11,C005,11615.98,income,Service
2023-05-25,C006,10645.21,income,Service
2023-05-21,C007,7318.94,income,Service
2023-05-10,C008,4200.05,income,Service
2023-05-09,C009,11930.46,income,Service
2023-06-02,C010,8110.56,income,Service
2023-05-17,,3340.52,income,Partial
2023-05-21,C011,5010.78,income,UNKNOWN_ERROR
2023-05-02,C023,1203.73,income,UNKNOWN_ERROR
2023-05-26,C026,6863.68,income,Service
2023-06-15,C028,8598.07,income,Service
2023-05-13,C029,1907.39,income,UNKNOWN_ERROR
2023-05-18,C035,2709.32,income,Service
2023-05-08,C036,4071.72,income,Service
2023-05-16,C037,3218.5,income,Service
2023-06-10,C040,4450.88,income,Service
2023-05-28,C042,1774.9,income,Service
2023-05-22,C043,6060.07,income,Service
2023-06-02,C044,5569.99,income,Service
2023-05-27,C045,6347.42,income,Service
2023-06-15,C046,4580.0,income,Service
2023-06-05,C048,3954.81,income,Service
2023-05-31,C052,8059.26,income,Service
2023-06-07,C055,9761.6,income,Service
2023-05-03,C066,4536.28,income,Service
2023-05-10,C072,5311.25,income,Service
2023-05-03,C078,840.28,income,Service
2023-05-29,C083,3581.36,income,Partial
2023-06-02,C083,5372.03,income,Partial
2023-05-03,C088,6457.14,income,Service
2023-06-03,C091,2067.77,income,Service
2023-05-13,C092,6444.38,income,Service
2023-05-15,C094,2305.43,income,Service
2023-06-13,C096,5535.04,income,Partial
2023-06-17,C096,8302.56,income,Partial
2023-06-04,C099,1319.93,income,Partial
2023-06-08,C099,1979.9,income,Partial
2023-06-01,SELF,1200.0,expense,Rent
2023-06-03,SELF,4834.0,expense,Operations
2023-07-12,C001,3783.16,income,Service
2023-06-12,C002,4194.97,income,UNKNOWN_ERROR
2023-06-29,C003,1868.14,income,Service
2023-06-14,C004,2732.44,income,Partial
2023-06-18,C004,4098.67,income,Partial
2023-06-25,C005,11777.62,income,Service
2023-07-01,C006,10781.12,income,Service
2023-06-05,C007,7146.36,income,UNKNOWN_ERROR
2023-07-16,C008,1699.65,income,Partial
2023-07-20,C008,2549.48,income,Partial
2023-06-04,C009,4846.73,income,Partial
2023-06-08,C009,7270.09,income,Partial
2023-06-19,C010,7727.42,income,Service
2023-07-12,C011,6313.06,income,Service
2023-06-07,C014,3845.05,income,Service
2023-07-06,C020,1927.88,income,Service
2023-07-04,C022,4355.89,income,Service
2023-06-11,C023,864.63,income,Service
2023-07-06,C026,4354.95,income,Service
2023-06-29,C028,2447.77,income,UNKNOWN_ERROR
2023-07-03,C028,3671.65,income,Partial
2023-06-15,C031,2010.79,income,Service
2023-07-10,C037,3953.14,income,Service
2023-07-09,C040,3287.19,income,Service
2023-07-13,C041,1219.58,income,Partial
2023-07-17,C041,1829.36,income,UNKNOWN_ERROR
2023-06-27,C044,9675.54,income,Service
2023-07-04,C046,4086.37,income,Service
2023-06-25,C047,4794.91,income,Service
2023-07-02,C048,7647.33,income,Service
2023-06-17,C049,7250.25,income,Service
2023-07-05,C050,5665.83,income,Service
2023-07-06,C071,8642.91,income,Service
2023-06-07,C074,12369.63,income,Service
2023-07-16,C075,8461.97,income,Service
2023-06-03,C077,444.82,income,Service
2023-07-08,C091,625.12,income,Partial
2023-07-12,C091,937.69,income,Partial
2023-06-24,C096,3692.9,income,Service
2023-06-28,C098,4083.58,income,Service
2023-07-11,C099,1112.63,income,Service
2023-07-01,SELF,1200.0,expense,Rent
2023-07-04,SELF,4414.0,expense,Operations
2023-07-18,SELF,7886.0,expense,Contractor
2023-08-05,C001,3714.43,income,Service
2023-07-09,C002,4326.84,income,Service
2023-08-07,C003,1920.36,income,Service
2023-07-04,C004,7064.76,income,Service
2023-08-09,C005,4607.57,income,Partial
2023-08-13,C005,6911.35,income,Partial
2023-08-06,C006,10817.22,income,Service
2023-07-16,C007,7491.86,income,Service
2023-07-18,C008,4238.36,income,Service
2023-08-04,C009,12191.85,income,Service
2023-08-13,,3312.83,income,Partial
2023-08-17,C010,4969.25,income,UNKNOWN_ERROR
2023-08-08,C011,8170.81,income,Service
2023-08-05,C012,11734.23,income,UNKNOWN_ERROR
2023-07-18,C026,1507.37,income,Partial
2023-07-22,C026,2261.05,income,UNKNOWN_ERROR
2023-08-15,C028,10730.98,income,Service
2023-08-14,C031,1964.5,income,Service
2023-07-22,C032,6665.91,income,UNKNOWN_ERROR
2023-08-05,C035,2007.13,income,Service
2023-08-10,C037,1994.82,income,Service
2023-07-20,C040,3454.19,income,Service
2023-08-03,C044,8963.08,income,Service
2023-08-09,C045,5402.35,income,Service
2023-07-31,C046,1761.83,income,Partial
2023-08-04,C046,2642.74,income,UNKNOWN_ERROR
2023-07-30,C050,7106.29,income,Service
2023-08-10,C052,1073.26,income,Partial
2023-08-14,C052,1609.89,income,Partial
2023-08-14,C053,13213.65,income,Service
2023-07-26,C069,3329.11,income,UNKNOWN_ERROR
2023-07-07,C074,5301.95,income,UNKNOWN_ERROR
2023-07-29,C090,13866.98,income,Service
2023-07-27,C096,8658.88,income,Service
2023-07-11,C098,6069.05,income,Service
2023-08-01,SELF,1200.0,expense,UNKNOWN_ERROR
2023-08-09,SELF,3281.0,expense,Operations
2023-08-22,C001,3723.83,income,Service
2023-08-27,C002,4390.1,income,Service
2023-08-28,C003,749.79,income,Partial
2023-09-01,C003,1124.69,income,Partial
2023-08-30,C004,2580.37,income,Partial
2023-09-03,C004,3870.56,income,Partial
2023-08-18,C005,4952.66,income,Partial
2023-08-22,C005,7428.99,income,Partial
2023-08-06,,10884.59,income,Service
2023-08-12,C007,7384.01,income,UNKNOWN_ERROR
2023-08-20,C008,4058.53,income,Service
2023-08-02,C009,12088.14,income,UNKNOWN_ERROR
2023-08-07,,8159.72,income,Service
2023-08-03,C011,5966.75,income,Service
2023-09-08,C015,6262.42,income,Service
2023-08-22,C020,2185.02,income,Service
2023-08-10,C022,4337.3,income,Service
2023-09-01,C023,808.12,income,Service
2023-08-06,C025,4140.81,income,Partial
2023-08-10,C025,6211.22,income,Partial
2023-08-31,C028,12298.56,income,Service
2023-08-14,C029,1000.72,income,Service
2023-08-27,C033,7935.01,income,Service
2023-08-11,C035,1298.45,income,Partial
2023-08-15,C035,1947.67,income,Partial
2023-08-05,C036,3702.29,income,Service
2023-08-03,C040,1757.52,income,Partial
2023-08-07,C040,2636.28,income,Partial
2023-08-23,C042,1275.3,income,Service
2023-08-14,C043,7517.79,income,Service
2023-09-08,,4275.87,income,UNKNOWN_ERROR
2023-08-10,C045,3511.37,income,Partial
2023-08-14,C045,5267.05,income,Partial
2023-09-11,C046,2407.29,income,Service
2023-08-23,C047,1949.01,income,UNKNOWN_ERROR
2023-08-27,C047,2923.52,income,Partial
2023-08-12,C048,4431.28,income,Service
2023-09-03,C049,4896.39,income,UNKNOWN_ERROR
2023-08-27,C050,7692.1,income,Service
2023-09-13,C052,8971.71,income,Service
2023-08-31,C058,7031.81,income,Partial
2023-09-04,,10547.71,income,UNKNOWN_ERROR
2023-08-18,C059,7541.35,income,Service
2023-09-11,C064,2675.52,income,Service
2023-09-01,C067,4172.27,income,Service
2023-09-09,C074,5068.96,income,Service
2023-08-25,C076,612.18,income,Service
2023-09-08,C086,12322.28,income,UNKNOWN_ERROR
2023-08-19,C091,1743.86,income,Partial
2023-08-23,C091,2615.8,income,Partial
2023-08-05,C098,6508.54,income,Service
2023-08-14,,3985.22,income,Service
2023-09-01,SELF,1200.0,expense,Rent
2023-09-03,SELF,4933.0,expense,Operations
2023-10-04,C001,3941.58,income,Service
2023-09-13,C002,4164.86,income,Service
2023-09-17,C003,1921.7,income,UNKNOWN_ERROR
2023-10-08,C004,6563.76,income,Service
2023-10-13,C005,12122.56,income,Service
2023-09-17,C006,10876.51,income,Service
2023-09-11,C007,7360.33,income,Service
2023-09-12,C008,1619.84,income,UNKNOWN_ERROR
2023-09-16,C008,2429.76,income,Partial
2023-09-15,,11486.43,income,Service
2023-10-12,C014,1004.78,income,Partial
2023-10-16,C014,1507.17,income,UNKNOWN_ERROR
2023-09-22,C022,4066.64,income,Service
2023-09-10,C023,1019.96,income,Service
2023-10-16,C026,2407.11,income,Partial
2023-10-20,C026,3610.66,income,Partial
2023-09-30,C032,8005.66,income,UNKNOWN_ERROR
2023-09-08,C033,13659.94,income,Service
2023-09-15,C035,2709.44,income,Service
2023-09-10,C036,1744.91,income,Partial
2023-09-14,C036,2617.37,income,Partial
2023-09-03,C037,2470.13,income,Service
2023-09-03,C039,2950.97,income,Service
2023-09-09,C040,4247.09,income,Service
2023-10-05,C043,4771.41,income,Service
2023-09-26,C044,8262.33,income,Service
2023-10-13,C047,5023.95,income,Service
2023-10-04,C048,5388.99,income,Service
2023-09-25,C049,6947.61,income,Service
2023-10-10,C050,5469.33,income,Service
2023-09-07,C061,15912.39,income,Service
2023-09-22,C064,716.54,income,Partial
2023-09-26,C064,1074.8,income,Partial
2023-09-26,C067,3102.45,income,Service
2023-09-13,C068,20258.98,income,Service
2023-09-04,C069,680.08,income,Service
2023-09-22,C071,3672.12,income,UNKNOWN_ERROR
2023-10-01,C077,2123.71,income,UNKNOWN_ERROR
2023-09-08,C079,4668.14,income,Partial
2023-09-12,,7002.2,income,Partial
2023-09-03,,5968.35,income,Service
2023-09-25,C096,17454.07,income,Service
2023-10-01,SELF,1200.0,expense,Rent
2023-10-04,SELF,2784.0,expense,Operations
2023-11-12,C002,1672.59,income,UNKNOWN_ERROR
2023-11-16,C002,2508.89,income,Partial
2023-10-02,C003,1952.95,income,UNKNOWN_ERROR
2023-11-13,C004,6705.29,income,Service
2023-11-07,C005,11729.64,income,Service
2023-10-13,C006,11145.62,income,Service
2023-11-10,C007,7582.37,income,Service
2023-10-19,C008,4214.33,income,Service
2023-10-30,C009,11695.78,income,UNKNOWN_ERROR
2023-11-11,C010,7785.66,income,Service
2023-10-07,C012,10308.34,income,Service
2023-10-04,C025,5788.94,income,Service
2023-10-03,C026,6924.15,income,Service
2023-11-07,C028,6884.96,income,Service
2023-10-10,C029,970.98,income,Service
2023-10-20,C031,3001.33,income,Service
2023-10-16,C032,9507.97,income,Service
2023-11-12,C035,2172.81,income,Service
2023-11-12,C039,3310.89,income,Service
2023-10-31,C040,1005.68,income,Partial
2023-11-04,C040,1508.52,income,UNKNOWN_ERROR
2023-10-28,C042,1220.6,income,Service
2023-10-07,C043,5674.73,income,Service
2023-11-11,C044,7157.41,income,Service
2023-11-03,C045,7939.53,income,Service
2023-11-12,C047,6226.0,income,Service
2023-11-08,C048,6343.86,income,Service
2023-10-10,C049,6907.75,income,Service
2023-10-19,C050,7706.98,income,Service
2023-10-04,C058,13583.56,income,Service
2023-11-12,C059,4124.44,income,Service
2023-10-23,C061,11084.48,income,Service
2023-10-12,C062,2509.9,income,UNKNOWN_ERROR
2023-10-16,C062,3764.84,income,Partial
2023-10-15,C069,2153.39,income,UNKNOWN_ERROR
2023-10-30,C079,9449.39,income,Service
2023-11-09,,4860.32,income,Service
2023-11-04,C096,16265.84,income,Service
2023-10-05,C097,4287.27,income,Partial
2023-10-09,,6430.91,income,Partial
2023-11-15,C099,1849.02,income,Service
2023-11-01,SELF,1200.0,expense,Rent
2023-11-04,SELF,3721.0,expense,Operations
2023-11-12,SELF,4333.0,expense,Contractor
2023-11-25,,3670.56,income,Service
2023-11-20,C002,1692.15,income,Partial
2023-11-24,C002,2538.22,income,Partial
2023-11-13,C003,1976.66,income,Service
2023-12-04,C005,12222.18,income,Service
2023-12-10,C006,10370.32,income,Service
2023-11-21,C007,7213.49,income,Service
2023-12-03,C008,4200.86,income,Service
2023-12-07,C009,12043.05,income,UNKNOWN_ERROR
2023-11-30,C010,8027.21,income,UNKNOWN_ERROR
2023-11-17,C020,1520.58,income,Partial
2023-11-21,C020,2280.87,income,Partial
2023-12-02,C023,1219.21,income,Service
2023-12-07,C025,9448.05,income,Service
2023-11-10,C032,11460.23,income,UNKNOWN_ERROR
2023-11-27,C033,8024.39,income,Service
2023-12-04,C035,2752.7,income,Service
2023-12-05,C036,1250.87,income,Partial
2023-12-09,C036,1876.3,income,Partial
2023-12-12,C037,1310.94,income,Partial
2023-12-16,C037,1966.41,income,Partial
2023-11-03,C039,3814.16,income,UNKNOWN_ERROR
2023-11-03,C039,3814.16,income,UNKNOWN_ERROR
2023-11-14,C040,1608.88,income,UNKNOWN_ERROR
2023-11-18,C040,2413.32,income,Partial
2023-12-04,C043,8223.34,income,Service
2023-12-13,C044,5868.79,income,Service
2023-11-24,C045,2492.94,income,Partial
2023-11-28,C045,3739.41,income,UNKNOWN_ERROR
2023-11-21,C046,4714.26,income,Service
2023-11-02,C047,5340.44,income,Service
2023-11-23,C049,5277.82,income,Service
2023-12-02,C050,2567.93,income,UNKNOWN_ERROR
2023-12-06,C050,3851.9,income,Partial
2023-11-08,C061,3432.33,income,Service
2023-11-08,C061,3432.33,income,Service
2023-12-11,C064,2925.7,income,Partial
2023-12-15,C064,4388.55,income,Partial
2023-11-13,C068,11919.77,income,Service
2023-11-06,C086,16895.99,income,Service
2023-12-14,C090,6013.46,income,Service
2023-12-01,SELF,1200.0,expense,Rent
2023-12-07,SELF,1368.0,expense,Operations
2024-01-13,C001,3593.3,income,Service
2023-12-13,C003,769.84,income,Partial
2023-12-17,C003,1154.76,income,Partial
2023-12-24,C004,6763.33,income,Service
2023-12-30,C005,11380.52,income,Service
2023-12-05,C006,10932.22,income,Service
2023-12-17,C007,7311.34,income,Service
2023-12-19,C008,4168.56,income,Service
2023-12-31,C009,11151.0,income,Service
2023-12-12,C010,8398.71,income,Service
2024-01-10,C020,938.76,income,Partial
2024-01-14,C020,1408.15,income,Partial
2023-12-20,C022,2189.34,income,UNKNOWN_ERROR
2023-12-26,C023,1180.91,income,Service
2023-12-17,C029,651.04,income,Partial
2023-12-21,C029,976.56,income,Partial
2024-01-05,C031,3267.62,income,Service
2023-12-16,C033,8000.98,income,Service
2023-12-30,C035,2379.21,income,Service
2023-12-15,C037,3075.12,income,Service
2023-12-15,C042,1224.34,income,Service
2023-12-25,C044,7560.05,income,UNKNOWN_ERROR
2024-01-10,C045,1958.8,income,Partial
2024-01-14,C045,2938.2,income,Partial
2024-01-11,C046,3801.48,income,Service
2023-12-22,C047,8819.32,income,Service
2023-12-16,C049,5836.44,income,Service
2023-12-27,C050,4353.24,income,Service
2024-01-13,C053,4806.81,income,UNKNOWN_ERROR
2023-12-30,C059,7740.87,income,UNKNOWN_ERROR
2024-01-10,C067,2375.24,income,Partial
2024-01-14,C067,3562.86,income,Partial
2023-12-30,C069,1414.74,income,Service
2024-01-06,C074,6515.23,income,Partial
2024-01-10,C074,9772.85,income,Partial
2023-12-10,C086,4473.42,income,Service
2024-01-05,C092,6431.73,income,UNKNOWN_ERROR
2024-01-01,SELF,1200.0,expense,Rent
2024-01-13,SELF,4256.0,expense,Operations
2024-02-14,C001,3783.97,income,Service
2024-02-14,C002,4301.25,income,Service
2024-01-14,C003,1947.84,income,UNKNOWN_ERROR
2024-02-07,C004,2577.74,income,Partial
2024-02-11,C004,3866.61,income,Partial
2024-01-22,C005,11579.68,income,Service
2024-01-10,C006,10693.96,income,Service
2024-01-17,C007,7676.96,income,Service
2024-01-07,C008,3890.39,income,Service
2024-01-02,C009,11103.85,income,Service
2024-02-09,C010,8188.08,income,Service
2024-01-13,C011,7567.46,income,Service
2024-01-14,C025,1848.9,income,Partial
2024-01-18,C025,2773.34,income,Partial
2024-02-01,C026,2515.6,income,Partial
2024-02-05,C026,3773.41,income,Partial
2024-01-31,C029,719.95,income,UNKNOWN_ERROR
2024-02-04,C029,1079.93,income,Partial
2024-02-05,C033,4552.79,income,Partial
2024-02-09,C033,6829.18,income,Partial
2024-01-20,C036,3915.86,income,Service
2024-01-18,C042,1316.24,income,Service
2024-01-24,C045,8804.56,income,Service
2024-02-08,,4339.69,income,Service
2024-01-03,C050,5293.81,income,Service
2024-01-04,C058,11486.96,income,Service
2024-01-04,C058,11486.96,income,Service
2024-01-31,C061,12380.91,income,Service
2024-01-21,C064,3822.26,income,Partial
2024-01-25,C064,5733.4,income,UNKNOWN_ERROR
2024-01-08,C072,9985.51,income,Service
2024-01-24,C075,1674.64,income,Partial
2024-01-28,C075,2511.96,income,Partial
2024-01-13,C076,1285.72,income,Service
2024-01-23,C077,442.51,income,Service
2024-01-02,C079,6170.87,income,Service
2024-01-25,C081,4039.94,income,Service
2024-01-07,C092,1440.56,income,Partial
2024-01-11,C092,2160.84,income,Partial
2024-01-28,C093,184.56,income,Service
2024-02-01,SELF,1200.0,expense,Rent
2024-02-04,SELF,1308.0,expense,Operations
2024-02-26,C001,3924.79,income,Service
2024-02-26,C002,4181.8,income,Service
2024-03-09,C004,6760.89,income,Service
2024-02-07,C006,4308.66,income,Partial
2024-02-11,C006,6462.99,income,Partial
2024-03-02,C007,7693.99,income,Service
2024-03-17,C008,4202.82,income,Service
2024-03-11,C009,11308.22,income,Service
2024-02-24,C010,8057.67,income,Service
2024-03-06,C012,5476.35,income,Service
2024-03-09,,646.79,income,Service
2024-03-09,C026,7309.37,income,Service
2024-03-06,C028,2413.3,income,Partial
2024-03-10,C028,3619.95,income,Partial
2024-02-07,C031,2753.09,income,Service
2024-03-05,C033,13571.53,income,Service
2024-03-11,C035,940.96,income,Partial
2024-03-15,C035,1411.44,income,Partial
2024-02-12,C039,3560.53,income,Service
2024-02-28,C042,995.91,income,Service
2024-02-24,C044,9082.01,income,Service
2024-02-15,C045,5568.88,income,Service
2024-03-07,C046,3288.23,income,Service
2024-02-15,C047,6030.22,income,Service
2024-02-23,C048,6080.41,income,Service
2024-02-05,C049,7031.25,income,Service
2024-02-24,C050,3816.56,income,Service
2024-02-28,C061,4164.73,income,Service
2024-03-12,C066,3103.7,income,Partial
2024-03-16,C066,4655.55,income,UNKNOWN_ERROR
2024-03-07,C069,1379.12,income,Partial
2024-03-11,,2068.68,income,Partial
2024-03-14,C075,8091.6,income,Service
2024-02-25,C090,16806.93,income,Service
2024-02-27,C091,3906.57,income,Service
2024-02-22,C092,2427.62,income,Service
2024-02-06,C093,159.72,income,Service
2024-03-01,SELF,1200.0,expense,Rent
2024-03-02,SELF,2800.0,expense,Operations
2024-04-13,C001,3687.27,income,Service
2024-03-22,C002,4382.74,income,UNKNOWN_ERROR
2024-03-09,C003,803.78,income,Partial
2024-03-13,C003,1205.68,income,Partial
2024-04-08,C004,6468.62,income,Service
2024-03-02,C005,4557.39,income,Partial
2024-03-06,C005,6836.09,income,Partial
2024-03-28,C006,10844.5,income,Service
2024-03-22,C007,7449.79,income,Service
2024-03-08,C008,1574.2,income,Partial
2024-03-12,C008,2361.3,income,Partial
2024-04-10,C009,11703.83,income,Service
2024-03-15,C010,8349.79,income,Service
2024-03-04,C011,2978.44,income,Partial
2024-03-08,C011,4467.66,income,Partial
2024-03-03,C020,786.24,income,Partial
2024-03-07,C020,1179.36,income,Partial
2024-03-28,C023,654.67,income,Service
2024-03-31,C025,6735.36,income,Service
2024-03-14,C026,3573.95,income,Service
2024-04-13,C031,3437.92,income,Service
2024-03-26,C035,764.71,income,Partial
2024-03-30,C035,1147.06,income,Partial
2024-04-11,C036,2694.13,income,UNKNOWN_ERROR
2024-03-17,C037,3286.81,income,Service
2024-03-19,C039,2725.14,income,Service
2024-03-03,C040,1944.38,income,Partial
2024-03-07,C040,2916.56,income,Partial
2024-04-01,C042,953.49,income,Service
2024-03-14,C044,6915.02,income,Service
2024-03-18,C045,8927.85,income,Service
2024-04-11,C046,3633.0,income,Service
2024-03-19,C047,5877.42,income,Service
2024-04-12,C048,5479.24,income,Service
2024-03-19,C053,12217.69,income,Service
2024-03-02,C055,11814.33,income,Service
2024-04-09,C064,10670.31,income,Service
2024-03-11,C066,5691.03,income,Service
2024-03-29,C068,17763.25,income,Service
2024-03-30,C077,1346.42,income,Service
2024-03-30,C077,1346.42,income,Service
2024-03-15,C083,9374.15,income,Service
2024-03-15,C083,9374.15,income,Service
2024-03-02,C098,3952.01,income,UNKNOWN_ERROR
2024-04-01,SELF,1200.0,expense,Rent
2024-04-05,SELF,4794.0,expense,Operations
2024-04-27,C001,1496.62,income,Partial
2024-05-01,C001,2244.94,income,Partial
2024-05-09,C003,2001.19,income,Service
2024-04-28,C004,7067.29,income,Service
2024-05-01,C005,11480.96,income,Service
2024-05-01,C006,10395.39,income,Service
2024-05-11,C007,2966.53,income,Partial
2024-05-15,C007,4449.79,income,Partial
2024-04-25,C008,1552.34,income,Partial
2024-04-29,C008,2328.5,income,UNKNOWN_ERROR
2024-05-01,C009,4474.6,income,Partial
2024-05-05,C009,6711.9,income,Partial
2024-04-04,C010,3234.57,income,Partial
2024-04-08,C010,4851.86,income,Partial
2024-04-14,,4656.29,income,Service
2024-04-02,C020,4175.14,income,Service
2024-04-11,C022,2113.59,income,Service
2024-05-05,C023,395.96,income,Partial
2024-05-09,C023,593.94,income,Partial
2024-04-20,,7914.96,income,Service
2024-04-03,C026,1864.62,income,Partial
2024-04-07,C026,2796.94,income,Partial
2024-05-08,C032,9219.8,income,Service
2024-04-15,C033,8582.02,income,Service
2024-04-28,C036,4002.74,income,Service
2024-05-14,,3450.22,income,Service
2024-05-02,C042,416.99,income,Partial
2024-05-06,C042,625.49,income,UNKNOWN_ERROR
2024-04-07,C043,4342.25,income,Service
2024-05-09,C044,9096.21,income,Service
2024-04-09,C046,1616.84,income,UNKNOWN_ERROR
2024-04-13,,2425.26,income,Partial
2024-04-26,C047,2921.2,income,Partial
2024-04-30,C047,4381.8,income,Partial
2024-04-22,C049,4526.41,income,Service
2024-04-20,C050,5811.52,income,Service
2024-04-05,C061,7337.46,income,Service
2024-05-05,C066,4062.05,income,Service
2024-05-06,C075,7893.58,income,Service
2024-04-20,C079,2064.55,income,Partial
2024-04-24,C079,3096.83,income,Partial
2024-04-21,C086,3382.94,income,Service
2024-04-13,C090,934.08,income,Partial
2024-04-17,C090,1401.12,income,UNKNOWN_ERROR
2024-05-01,SELF,1200.0,expense,Rent
2024-05-06,SELF,2919.0,expense,UNKNOWN_ERROR
2024-05-17,SELF,6951.0,expense,Contractor
2024-05-27,C001,1501.44,income,Partial
2024-05-31,C001,2252.16,income,UNKNOWN_ERROR
2024-05-10,C002,4212.63,income,Service
2024-05-03,C003,1826.59,income,Service
2024-05-19,C004,6507.74,income,Service
2024-05-19,C005,11908.02,income,Service
2024-06-05,C006,10885.15,income,Service
2024-05-11,C007,2917.62,income,Partial
2024-05-15,,4376.43,income,Partial
2024-06-01,C008,4066.78,income,Service
2024-06-08,C009,12115.43,income,Service
2024-06-14,C010,3234.58,income,Partial
2024-06-18,C010,4851.87,income,UNKNOWN_ERROR
2024-05-28,C022,4721.61,income,Service
2024-05-08,C025,3730.49,income,Partial
2024-05-12,C025,5595.74,income,Partial
2024-05-24,C033,11444.75,income,Service
2024-05-19,C036,2288.22,income,Service
2024-05-23,C044,5052.0,income,Service
2024-06-01,,3857.37,income,Service
2024-06-07,C047,4596.86,income,Service
2024-05-05,C049,5589.59,income,Service
2024-05-12,C053,4673.81,income,Partial
2024-05-16,C053,7010.71,income,Partial
2024-05-13,C055,4975.95,income,Partial
2024-05-17,C055,7463.93,income,Partial
2024-06-08,C058,18530.25,income,Service
2024-05-18,C059,3236.3,income,Service
2024-05-12,C061,5225.63,income,Partial
2024-05-16,C061,7838.45,income,UNKNOWN_ERROR
2024-06-11,C064,8684.97,income,Service
2024-06-03,C066,1909.49,income,Service
2024-05-23,C072,6685.27,income,Service
2024-05-13,C079,3968.33,income,Service
2024-05-27,C097,4353.91,income,Service
2024-06-01,SELF,1200.0,expense,Rent
2024-06-13,SELF,1510.0,expense,Operations
2024-06-06,SELF,6285.0,expense,Contractor
2024-06-02,C001,3669.21,income,Service
2024-07-13,C002,1772.32,income,Partial
2024-07-17,C002,2658.47,income,Partial
2024-06-29,C003,2006.63,income,Service
2024-06-03,,6956.88,income,Service
2024-07-08,C005,12224.45,income,Service
2024-06-24,C006,10306.16,income,Service
2024-07-09,C007,7452.77,income,Service
2024-06-26,C008,1540.05,income,Partial
2024-06-30,C008,2310.07,income,Partial
2024-07-01,C009,11240.43,income,Service
2024-07-12,C010,8360.91,income,Service
2024-06-29,C011,5202.38,income,UNKNOWN_ERROR
2024-06-07,C020,3091.32,income,Service
2024-07-12,C023,827.61,income,Service
2024-07-09,C025,8561.37,income,Service
2024-06-28,C026,2688.66,income,Partial
2024-07-02,,4032.99,income,Partial
2024-06-30,C031,2605.15,income,UNKNOWN_ERROR
2024-07-08,C033,6693.32,income,Service
2024-06-20,C035,2829.13,income,UNKNOWN_ERROR
2024-07-13,C037,1005.24,income,Partial
2024-07-17,C037,1507.87,income,Partial
2024-07-10,C042,647.24,income,Partial
2024-07-14,C042,970.86,income,Partial
2024-06-20,C044,4438.45,income,Service
2024-06-22,C045,3132.08,income,Partial
2024-06-26,C045,4698.13,income,Partial
2024-07-16,C046,934.75,income,UNKNOWN_ERROR
2024-07-20,C046,1402.12,income,Partial
2024-06-19,C048,7622.58,income,Service
2024-07-08,C049,6318.8,income,Service
2024-06-30,C050,6971.03,income,Service
2024-06-28,C083,8349.47,income,Service
2024-07-09,C091,4622.89,income,Service
2024-06-14,C092,3169.31,income,Service
2024-07-13,C096,2557.39,income,Service
2024-07-08,C097,6707.44,income,Service
2024-06-09,C099,4134.16,income,Service
2024-07-01,SELF,1200.0,expense,Rent
2024-07-13,SELF,4166.0,expense,Operations
2024-07-31,C001,3960.82,income,Service
2024-07-27,C002,1780.64,income,Partial
2024-07-31,C002,2670.97,income,Partial
2024-07-30,C003,776.51,income,Partial
2024-08-03,C003,1164.76,income,Partial
2024-07-10,C004,6526.12,income,Service
2024-08-15,C005,11958.74,income,Service
2024-07-28,C006,4352.82,income,Partial
2024-08-01,C006,6529.23,income,Partial
2024-07-26,C007,7603.01,income,Service
2024-08-09,C009,11530.21,income,Service
2024-07-19,C010,8143.4,income,Service
2024-08-02,C011,8344.89,income,Service
2024-07-29,C020,3934.81,income,Service
2024-07-06,C022,2236.63,income,Service
2024-07-07,C025,9553.19,income,Service
2024-07-19,C026,1458.76,income,Partial
2024-07-23,C026,2188.14,income,Partial
2024-07-13,C029,1327.54,income,Service
2024-07-26,C032,5919.67,income,Service
2024-08-09,C033,6452.48,income,Service
2024-07-07,C037,767.91,income,Partial
2024-07-11,C037,1151.86,income,Partial
2024-08-07,C040,3975.77,income,Service
2024-08-03,C042,637.07,income,UNKNOWN_ERROR
2024-08-07,C042,955.61,income,Partial
2024-08-06,C044,4416.45,income,Service
2024-07-20,C046,4826.25,income,Service
2024-07-08,C048,4590.66,income,Service
2024-08-15,C055,1724.86,income,Partial
2024-08-19,C055,2587.28,income,Partial
2024-08-05,,444.21,income,Partial
2024-08-09,C059,666.31,income,Partial
2024-08-13,,1398.04,income,Service
2024-07-27,C075,2786.74,income,Service
2024-08-12,C086,6260.27,income,Partial
2024-08-16,C086,9390.4,income,Partial
2024-08-12,C086,15650.66,income,Service
2024-07-30,C092,2388.12,income,Service
2024-07-30,,2388.12,income,Service
2024-08-12,C096,8846.86,income,Service
2024-08-01,SELF,1200.0,expense,Rent
2024-08-13,SELF,2336.0,expense,Operations
2024-08-22,C001,3885.53,income,Service
2024-08-23,C002,4379.74,income,Service
2024-09-12,C003,1950.12,income,Service
2024-08-10,C004,6954.31,income,Service
2024-08-08,C005,11668.27,income,Service
2024-09-06,C006,10201.02,income,UNKNOWN_ERROR
2024-08-25,C007,7326.44,income,Service
2024-08-20,C008,3914.27,income,Service
2024-09-07,C009,11200.6,income,Service
2024-08-04,C010,8018.07,income,Service
2024-08-08,C011,6985.99,income,UNKNOWN_ERROR
2024-09-07,C022,4103.64,income,Service
2024-08-17,C023,1149.67,income,Service
2024-09-07,C025,9011.83,income,UNKNOWN_ERROR
2024-09-02,C033,7843.14,income,Service
2024-09-10,C035,2784.52,income,Service
2024-08-28,C036,967.63,income,Partial
2024-09-01,C036,1451.45,income,Partial
2024-09-02,C037,1883.74,income,Service
2024-09-01,C043,8174.34,income,Service
2024-08-19,C046,3101.05,income,UNKNOWN_ERROR
2024-08-11,C049,4546.89,income,Service
2024-08-15,C050,2714.49,income,Partial
2024-08-19,C050,4071.73,income,Partial
2024-09-06,C053,9804.29,income,Service
2024-08-03,C058,1662.18,income,Partial
2024-08-07,C058,2493.27,income,Partial
2024-08-15,C061,12049.32,income,Service
2024-08-21,C062,11542.81,income,Service
2024-08-28,C066,1261.36,income,Service
2024-08-24,C067,4460.6,income,Service
2024-08-03,C068,9186.95,income,Service
2024-09-03,,14531.99,income,Service
2024-08-10,C076,1030.72,income,Service
2024-08-25,C077,842.92,income,Partial
2024-08-29,C077,1264.38,income,Partial
2024-08-21,C099,1670.39,income,Service
2024-09-01,SELF,1200.0,expense,Rent
2024-09-09,SELF,1382.0,expense,UNKNOWN_ERROR
2024-10-13,C001,1436.9,income,UNKNOWN_ERROR
2024-10-17,C001,2155.36,income,Partial
2024-09-30,C002,1643.4,income,Partial
2024-10-04,C002,2465.1,income,Partial
2024-09-04,C003,789.38,income,Partial
2024-09-08,C003,1184.08,income,Partial
2024-09-05,,6921.89,income,UNKNOWN_ERROR
2024-09-17,,12417.71,income,Service
2024-09-05,C006,11113.57,income,Service
2024-09-18,,2922.69,income,Partial
2024-09-22,C007,4384.04,income,Partial
2024-09-05,C008,4181.15,income,Service
2024-10-11,C009,11517.55,income,Service
2024-09-10,C010,7839.8,income,Service
2024-09-05,C011,7927.15,income,Service
2024-09-11,C020,3396.86,income,Service
2024-09-14,C026,3383.33,income,Service
2024-10-14,C029,1842.2,income,Service
2024-10-11,C032,5896.88,income,Service
2024-10-14,C033,8765.95,income,Service
2024-09-29,C035,2359.92,income,Service
2024-09-09,C037,3235.36,income,Service
2024-09-13,C040,2354.06,income,Service
2024-09-08,C042,1464.85,income,Service
2024-10-03,C043,8464.16,income,UNKNOWN_ERROR
2024-10-13,C045,1702.01,income,Partial
2024-10-17,C045,2553.02,income,Partial
2024-10-04,,2548.66,income,Service
2024-09-05,C047,4968.75,income,Service
2024-09-30,C048,1825.17,income,Partial
2024-10-04,C048,2737.75,income,Partial
2024-09-24,C050,5938.24,income,Service
2024-09-02,C059,5256.29,income,Service
2024-10-07,C074,9291.42,income,Service
2024-10-07,C076,570.13,income,Service
2024-09-03,C083,12811.52,income,UNKNOWN_ERROR
2024-10-09,C086,2344.3,income,Service
2024-09-15,C091,3534.72,income,Service
2024-09-04,C099,4998.52,income,Service
2024-10-01,SELF,1200.0,expense,Rent
2024-10-07,SELF,1885.0,expense,Operations
2024-10-15,SELF,2346.0,expense,Emergency
2024-11-10,C001,3748.96,income,Service
2024-10-21,C002,4143.08,income,UNKNOWN_ERROR
2024-11-09,C003,2003.94,income,Service
2024-10-24,C004,6603.18,income,Service
2024-11-07,C005,12322.5,income,Service
2024-10-10,C007,3046.1,income,UNKNOWN_ERROR
2024-10-14,C007,4569.14,income,Partial
2024-10-16,C008,3937.24,income,Service
2024-10-27,C009,11745.62,income,Service
2024-10-29,C010,3116.58,income,Partial
2024-11-02,C010,4674.87,income,Partial
2024-10-13,C011,5831.13,income,Service
2024-10-12,C020,3313.82,income,Service
2024-11-14,C022,2808.3,income,Service
2024-10-15,C025,6150.65,income,Service
2024-10-29,C033,7842.03,income,Service
2024-11-07,C035,2365.34,income,Service
2024-10-18,C036,2245.99,income,Service
2024-10-10,,1537.27,income,Service
2024-11-07,C044,5670.03,income,Service
2024-10-21,C045,4130.67,income,Service
2024-10-09,C048,5569.44,income,Service
2024-10-07,C049,3615.48,income,Service
2024-10-17,C069,856.21,income,UNKNOWN_ERROR
2024-10-21,C069,1284.32,income,Partial
2024-10-04,C074,11497.31,income,Service
2024-10-22,C076,1255.71,income,Service
2024-10-12,C086,14305.27,income,Service
2024-10-27,C090,5128.74,income,UNKNOWN_ERROR
2024-11-02,,1143.59,income,Partial
2024-11-06,C099,1715.38,income,Partial
2024-11-01,SELF,1200.0,expense,Rent
2024-11-04,SELF,1530.0,expense,UNKNOWN_ERROR
2024-12-08,C001,3820.76,income,UNKNOWN_ERROR
2024-11-14,C002,4081.98,income,Service
2024-12-07,C003,1850.24,income,Service
2024-11-11,C005,12310.64,income,Service
2024-12-14,C006,11122.22,income,Service
2024-12-14,C006,11122.22,income,Service
2024-12-02,C007,7482.31,income,Service
2024-11-09,C008,1696.55,income,Partial
2024-11-13,C008,2544.83,income,UNKNOWN_ERROR
2024-11-13,,12031.49,income,Service
2024-12-09,C010,8460.45,income,UNKNOWN_ERROR
2024-12-09,C011,8257.14,income,Service
2024-11-25,C022,4193.34,income,Service
2024-11-13,C025,10122.87,income,Service
2024-11-04,C026,5534.1,income,UNKNOWN_ERROR
2024-12-09,C029,1163.17,income,Service
2024-11-30,C031,3517.2,income,Service
2024-12-06,C032,8308.23,income,Service
2024-12-08,C033,7420.57,income,Service
2024-11-02,C035,742.25,income,Partial
2024-11-06,C035,1113.38,income,Partial
2024-12-13,C040,4083.73,income,Service
2024-11-04,C042,1752.03,income,Service
2024-11-14,C043,8156.25,income,Service
2024-11-28,C045,5907.61,income,Service
2024-11-02,C048,7393.51,income,Service
2024-12-02,C049,2427.93,income,UNKNOWN_ERROR
2024-12-06,C049,3641.9,income,Partial
2024-11-21,C052,2413.94,income,Service
2024-12-15,C055,4219.33,income,UNKNOWN_ERROR
2024-11-03,C062,6226.03,income,Service
2024-12-09,C069,4182.71,income,Service
2024-12-08,C074,6365.02,income,Service
2024-11-15,C076,457.13,income,Service
2024-11-04,,1630.27,income,Service
2024-12-11,C090,3953.53,income,Service
2024-11-13,C091,5509.27,income,Service
2024-12-01,SELF,1200.0,expense,Rent
2024-12-03,SELF,3469.0,expense,Operations
2024-12-20,C001,3780.45,income,Service
2024-12-10,C002,4327.32,income,Service
2025-01-02,C003,1877.3,income,Service
2024-12-07,C004,6679.32,income,Service
2025-01-01,C005,12076.92,income,Service
2025-01-03,C006,10832.61,income,Service
2024-12-22,C007,7418.13,income,Service
2025-01-01,C008,4184.69,income,Service
2025-01-11,C009,11736.14,income,Service
2025-01-12,C010,3166.01,income,Partial
2025-01-16,C010,4749.02,income,UNKNOWN_ERROR
2024-12-16,C011,5818.11,income,Service
2025-01-10,C020,3780.3,income,Service
2025-01-09,C022,3287.21,income,Service
2025-01-03,C023,641.56,income,Service
2025-01-12,C025,4673.9,income,Service
2024-12-02,C026,3382.56,income,Service
2025-01-11,C033,3967.97,income,Partial
2025-01-15,C033,5951.96,income,Partial
2024-12-18,C035,2227.23,income,Service
2025-01-13,C036,1078.08,income,Partial
2025-01-17,C036,1617.12,income,Partial
2024-12-09,C040,4636.22,income,Service
2024-12-04,C044,8258.02,income,Service
2024-12-11,C047,9507.45,income,Service
2024-12-15,,6521.72,income,Service
2025-01-15,C050,5122.9,income,Service
2024-12-25,C053,7655.17,income,Service
2024-12-20,C062,5855.65,income,Service
2025-01-14,C064,2881.83,income,Service
2025-01-14,C064,2881.83,income,Service
2024-12-03,C066,8546.5,income,Service
2025-01-07,C091,1619.82,income,UNKNOWN_ERROR
2024-12-09,C096,8444.93,income,Service
2024-12-24,C099,3587.63,income,UNKNOWN_ERROR
